"accuracy","avatar","construction_energy_reduction_percentage","construction_item_donation_percentage","construction_percentage","critical_chance","critical_hit","damage_percentage","desert_damage_percentage","drop_category","drop_chance","flatland_damage_percentage","forest_damage_percentage","grade","hospital_construction_percentage","id","industrialzone_construction_percentage","militarybase_construction_percentage","mining_gold_percentage","mountains_damage_percentage","productionfields_construction_percentage","slot","true_damage"
0,"https://storage.eclesiar.com/medias/slot1_placeholder.png",0,0,0,0,3,2,0,"MILITAR",0,0,0,1,0,1,0,0,0,0,0,1,0
0,"https://storage.eclesiar.com/medias/slot1_placeholder.png",0,0,0,0,6,4,0,"MILITAR",0,0,0,2,0,2,0,0,0,0,0,1,0
0,"https://storage.eclesiar.com/medias/slot1_placeholder.png",0,0,0,0,9,6,0,"MILITAR",0,0,0,3,0,3,0,0,0,0,0,1,0
0,"https://storage.eclesiar.com/medias/slot1_placeholder.png",0,0,0,0,12,8,0,"MILITAR",0,0,0,4,0,4,0,0,0,0,0,1,0
0,"https://storage.eclesiar.com/medias/slot1_placeholder.png",0,0,0,0,15,10,0,"MILITAR",0,0,0,5,0,5,0,0,0,0,0,1,0
0,"https://storage.eclesiar.com/medias/slot1_placeholder.png",0,0,0,0,6,0,0,"MILITAR",0,0,0,1,0,6,0,0,0,0,0,1,0
0,"https://storage.eclesiar.com/medias/slot1_placeholder.png",0,0,0,0,12,0,0,"MILITAR",0,0,0,2,0,7,0,0,0,0,0,1,0
0,"https://storage.eclesiar.com/medias/slot1_placeholder.png",0,0,0,0,18,0,0,"MILITAR",0,0,0,3,0,8,0,0,0,0,0,1,0
0,"https://storage.eclesiar.com/medias/slot1_placeholder.png",0,0,0,0,24,0,0,"MILITAR",0,0,0,4,0,9,0,0,0,0,0,1,0
0,"https://storage.eclesiar.com/medias/slot1_placeholder.png",0,0,0,0,30,0,0,"MILITAR",0,0,0,5,0,10,0,0,0,0,0,1,0
1,"https://storage.eclesiar.com/medias/slot1_placeholder.png",0,0,0,0,0,0,0,"MILITAR",0.04,0,0,1,0,11,0,0,0,0,0,1,0
2,"https://storage.eclesiar.com/medias/slot1_placeholder.png",0,0,0,0,0,0,0,"MILITAR",0.08,0,0,2,0,12,0,0,0,0,0,1,0
3,"https://storage.eclesiar.com/medias/slot1_placeholder.png",0,0,0,0,0,0,0,"MILITAR",0.12,0,0,3,0,13,0,0,0,0,0,1,0
4,"https://storage.eclesiar.com/medias/slot1_placeholder.png",0,0,0,0,0,0,0,"MILITAR",0.16,0,0,4,0,14,0,0,0,0,0,1,0
5,"https://storage.eclesiar.com/medias/slot1_placeholder.png",0,0,0,0,0,0,0,"MILITAR",0.2,0,0,5,0,15,0,0,0,0,0,1,0
0,"https://storage.eclesiar.com/medias/slot2_placeholder.png",0,0,0,0,3,0,0,"MILITAR",0,0,0,1,0,16,0,0,0,0,0,2,40
0,"https://storage.eclesiar.com/medias/slot2_placeholder.png",0,0,0,0,6,0,0,"MILITAR",0,0,0,2,0,17,0,0,0,0,0,2,80
0,"https://storage.eclesiar.com/medias/slot2_placeholder.png",0,0,0,0,9,0,0,"MILITAR",0,0,0,3,0,18,0,0,0,0,0,2,120
0,"https://storage.eclesiar.com/medias/slot2_placeholder.png",0,0,0,0,12,0,0,"MILITAR",0,0,0,4,0,19,0,0,0,0,0,2,160
0,"https://storage.eclesiar.com/medias/slot2_placeholder.png",0,0,0,0,15,0,0,"MILITAR",0,0,0,5,0,20,0,0,0,0,0,2,200
0,"https://storage.eclesiar.com/medias/slot2_placeholder.png",0,0,0,0,-2,0,0,"MILITAR",0,0,0,1,0,21,0,0,0,0,0,2,80
0,"https://storage.eclesiar.com/medias/slot2_placeholder.png",0,0,0,0,-4,0,0,"MILITAR",0,0,0,2,0,22,0,0,0,0,0,2,160
0,"https://storage.eclesiar.com/medias/slot2_placeholder.png",0,0,0,0,-6,0,0,"MILITAR",0,0,0,3,0,23,0,0,0,0,0,2,240
0,"https://storage.eclesiar.com/medias/slot2_placeholder.png",0,0,0,0,-8,0,0,"MILITAR",0,0,0,4,0,24,0,0,0,0,0,2,320
0,"https://storage.eclesiar.com/medias/slot2_placeholder.png",0,0,0,0,-10,0,0,"MILITAR",0,0,0,5,0,25,0,0,0,0,0,2,400
0,"https://storage.eclesiar.com/medias/slot2_placeholder.png",0,0,0,0,0,3,0,"MILITAR",0,0,0,1,0,26,0,0,0,0,0,2,0
0,"https://storage.eclesiar.com/medias/slot2_placeholder.png",0,0,0,0,0,6,0,"MILITAR",0,0,0,2,0,27,0,0,0,0,0,2,0
0,"https://storage.eclesiar.com/medias/slot2_placeholder.png",0,0,0,0,0,9,0,"MILITAR",0,0,0,3,0,28,0,0,0,0,0,2,0
0,"https://storage.eclesiar.com/medias/slot2_placeholder.png",0,0,0,0,0,12,0,"MILITAR",0,0,0,4,0,29,0,0,0,0,0,2,0
0,"https://storage.eclesiar.com/medias/slot2_placeholder.png",0,0,0,0,0,15,0,"MILITAR",0,0,0,5,0,30,0,0,0,0,0,2,0
0,"https://storage.eclesiar.com/medias/slot3_placeholder.png",0,0,0,0,0,2,0,"MILITAR",0,0,0,1,0,31,0,0,0,0,0,3,50
0,"https://storage.eclesiar.com/medias/slot3_placeholder.png",0,0,0,0,0,4,0,"MILITAR",0,0,0,2,0,32,0,0,0,0,0,3,100
0,"https://storage.eclesiar.com/medias/slot3_placeholder.png",0,0,0,0,0,6,0,"MILITAR",0,0,0,3,0,33,0,0,0,0,0,3,150
0,"https://storage.eclesiar.com/medias/slot3_placeholder.png",0,0,0,0,0,8,0,"MILITAR",0,0,0,4,0,34,0,0,0,0,0,3,200
0,"https://storage.eclesiar.com/medias/slot3_placeholder.png",0,0,0,0,0,10,0,"MILITAR",0,0,0,5,0,35,0,0,0,0,0,3,250
0,"https://storage.eclesiar.com/medias/slot3_placeholder.png",0,0,0,3,3,0,0,"MILITAR",0,0,0,1,0,36,0,0,0,0,0,3,0
0,"https://storage.eclesiar.com/medias/slot3_placeholder.png",0,0,0,6,6,0,0,"MILITAR",0,0,0,2,0,37,0,0,0,0,0,3,0
0,"https://storage.eclesiar.com/medias/slot3_placeholder.png",0,0,0,9,9,0,0,"MILITAR",0,0,0,3,0,38,0,0,0,0,0,3,0
0,"https://storage.eclesiar.com/medias/slot3_placeholder.png",0,0,0,12,12,0,0,"MILITAR",0,0,0,4,0,39,0,0,0,0,0,3,0
0,"https://storage.eclesiar.com/medias/slot3_placeholder.png",0,0,0,15,15,0,0,"MILITAR",0,0,0,5,0,40,0,0,0,0,0,3,0
0,"https://storage.eclesiar.com/medias/slot3_placeholder.png",0,0,0,0,0,0,0,"MILITAR",0.06,0,0,1,0,41,0,0,0,0,0,3,-20
0,"https://storage.eclesiar.com/medias/slot3_placeholder.png",0,0,0,0,0,0,0,"MILITAR",0.12,0,0,2,0,42,0,0,0,0,0,3,-40
0,"https://storage.eclesiar.com/medias/slot3_placeholder.png",0,0,0,0,0,0,0,"MILITAR",0.18,0,0,3,0,43,0,0,0,0,0,3,-60
0,"https://storage.eclesiar.com/medias/slot3_placeholder.png",0,0,0,0,0,0,0,"MILITAR",0.24,0,0,4,0,44,0,0,0,0,0,3,-80
0,"https://storage.eclesiar.com/medias/slot3_placeholder.png",0,0,0,0,0,0,0,"MILITAR",0.3,0,0,5,0,45,0,0,0,0,0,3,-100
0,"https://storage.eclesiar.com/medias/slot4_placeholder.png",0,0,0,7,0,0,0,"MILITAR",0,0,0,1,0,46,0,0,0,0,0,4,-20
0,"https://storage.eclesiar.com/medias/slot4_placeholder.png",0,0,0,14,0,0,0,"MILITAR",0,0,0,2,0,47,0,0,0,0,0,4,-40
0,"https://storage.eclesiar.com/medias/slot4_placeholder.png",0,0,0,21,0,0,0,"MILITAR",0,0,0,3,0,48,0,0,0,0,0,4,-60
0,"https://storage.eclesiar.com/medias/slot4_placeholder.png",0,0,0,28,0,0,0,"MILITAR",0,0,0,4,0,49,0,0,0,0,0,4,-80
0,"https://storage.eclesiar.com/medias/slot4_placeholder.png",0,0,0,35,0,0,0,"MILITAR",0,0,0,5,0,50,0,0,0,0,0,4,-100
0,"https://storage.eclesiar.com/medias/slot4_placeholder.png",0,0,0,0,-2,4,0,"MILITAR",0,0,0,1,0,51,0,0,0,0,0,4,0
0,"https://storage.eclesiar.com/medias/slot4_placeholder.png",0,0,0,0,-4,8,0,"MILITAR",0,0,0,2,0,52,0,0,0,0,0,4,0
0,"https://storage.eclesiar.com/medias/slot4_placeholder.png",0,0,0,0,-6,12,0,"MILITAR",0,0,0,3,0,53,0,0,0,0,0,4,0
0,"https://storage.eclesiar.com/medias/slot4_placeholder.png",0,0,0,0,-8,16,0,"MILITAR",0,0,0,4,0,54,0,0,0,0,0,4,0
0,"https://storage.eclesiar.com/medias/slot4_placeholder.png",0,0,0,0,-10,20,0,"MILITAR",0,0,0,5,0,55,0,0,0,0,0,4,0
0,"https://storage.eclesiar.com/medias/slot4_placeholder.png",0,0,0,0,0,0,0,"MILITAR",0.04,0,0,1,0,56,0,0,0,0,0,4,40
0,"https://storage.eclesiar.com/medias/slot4_placeholder.png",0,0,0,0,0,0,0,"MILITAR",0.08,0,0,2,0,57,0,0,0,0,0,4,80
0,"https://storage.eclesiar.com/medias/slot4_placeholder.png",0,0,0,0,0,0,0,"MILITAR",0.12,0,0,3,0,58,0,0,0,0,0,4,120
0,"https://storage.eclesiar.com/medias/slot4_placeholder.png",0,0,0,0,0,0,0,"MILITAR",0.16,0,0,4,0,59,0,0,0,0,0,4,160
0,"https://storage.eclesiar.com/medias/slot4_placeholder.png",0,0,0,0,0,0,0,"MILITAR",0.2,0,0,5,0,60,0,0,0,0,0,4,200
0,"https://storage.eclesiar.com/medias/slot5_placeholder.png",0,0,0,2,0,0,0,"MILITAR",0,0,0,1,0,61,0,0,0,0,0,5,40
0,"https://storage.eclesiar.com/medias/slot5_placeholder.png",0,0,0,4,0,0,0,"MILITAR",0,0,0,2,0,62,0,0,0,0,0,5,80
0,"https://storage.eclesiar.com/medias/slot5_placeholder.png",0,0,0,6,0,0,0,"MILITAR",0,0,0,3,0,63,0,0,0,0,0,5,120
0,"https://storage.eclesiar.com/medias/slot5_placeholder.png",0,0,0,8,0,0,0,"MILITAR",0,0,0,4,0,64,0,0,0,0,0,5,160
0,"https://storage.eclesiar.com/medias/slot5_placeholder.png",0,0,0,10,0,0,0,"MILITAR",0,0,0,5,0,65,0,0,0,0,0,5,200
0,"https://storage.eclesiar.com/medias/slot5_placeholder.png",0,0,0,0,8,0,0,"MILITAR",0,0,0,1,0,66,0,0,0,0,0,5,-30
0,"https://storage.eclesiar.com/medias/slot5_placeholder.png",0,0,0,0,16,0,0,"MILITAR",0,0,0,2,0,67,0,0,0,0,0,5,-60
0,"https://storage.eclesiar.com/medias/slot5_placeholder.png",0,0,0,0,24,0,0,"MILITAR",0,0,0,3,0,68,0,0,0,0,0,5,-90
0,"https://storage.eclesiar.com/medias/slot5_placeholder.png",0,0,0,0,32,0,0,"MILITAR",0,0,0,4,0,69,0,0,0,0,0,5,-120
0,"https://storage.eclesiar.com/medias/slot5_placeholder.png",0,0,0,0,40,0,0,"MILITAR",0,0,0,5,0,70,0,0,0,0,0,5,-150
0,"https://storage.eclesiar.com/medias/slot5_placeholder.png",0,0,0,-2,0,5,0,"MILITAR",0,0,0,1,0,71,0,0,0,0,0,5,0
0,"https://storage.eclesiar.com/medias/slot5_placeholder.png",0,0,0,-4,0,10,0,"MILITAR",0,0,0,2,0,72,0,0,0,0,0,5,0
0,"https://storage.eclesiar.com/medias/slot5_placeholder.png",0,0,0,-6,0,15,0,"MILITAR",0,0,0,3,0,73,0,0,0,0,0,5,0
0,"https://storage.eclesiar.com/medias/slot5_placeholder.png",0,0,0,-8,0,20,0,"MILITAR",0,0,0,4,0,74,0,0,0,0,0,5,0
0,"https://storage.eclesiar.com/medias/slot5_placeholder.png",0,0,0,-10,0,25,0,"MILITAR",0,0,0,5,0,75,0,0,0,0,0,5,0
1,"https://storage.eclesiar.com/medias/slot6_placeholder.png",0,0,0,0,0,2,0,"MILITAR",0,0,0,1,0,76,0,0,0,0,0,6,0
2,"https://storage.eclesiar.com/medias/slot6_placeholder.png",0,0,0,0,0,4,0,"MILITAR",0,0,0,2,0,77,0,0,0,0,0,6,0
3,"https://storage.eclesiar.com/medias/slot6_placeholder.png",0,0,0,0,0,6,0,"MILITAR",0,0,0,3,0,78,0,0,0,0,0,6,0
4,"https://storage.eclesiar.com/medias/slot6_placeholder.png",0,0,0,0,0,8,0,"MILITAR",0,0,0,4,0,79,0,0,0,0,0,6,0
5,"https://storage.eclesiar.com/medias/slot6_placeholder.png",0,0,0,0,0,10,0,"MILITAR",0,0,0,5,0,80,0,0,0,0,0,6,0
1,"https://storage.eclesiar.com/medias/slot6_placeholder.png",0,0,0,2,0,0,0,"MILITAR",0,0,0,1,0,81,0,0,0,0,0,6,0
2,"https://storage.eclesiar.com/medias/slot6_placeholder.png",0,0,0,4,0,0,0,"MILITAR",0,0,0,2,0,82,0,0,0,0,0,6,0
3,"https://storage.eclesiar.com/medias/slot6_placeholder.png",0,0,0,6,0,0,0,"MILITAR",0,0,0,3,0,83,0,0,0,0,0,6,0
4,"https://storage.eclesiar.com/medias/slot6_placeholder.png",0,0,0,8,0,0,0,"MILITAR",0,0,0,4,0,84,0,0,0,0,0,6,0
5,"https://storage.eclesiar.com/medias/slot6_placeholder.png",0,0,0,10,0,0,0,"MILITAR",0,0,0,5,0,85,0,0,0,0,0,6,0
2,"https://storage.eclesiar.com/medias/slot6_placeholder.png",0,0,0,0,0,0,0,"MILITAR",-0.02,0,0,1,0,86,0,0,0,0,0,6,0
4,"https://storage.eclesiar.com/medias/slot6_placeholder.png",0,0,0,0,0,0,0,"MILITAR",-0.04,0,0,2,0,87,0,0,0,0,0,6,0
6,"https://storage.eclesiar.com/medias/slot6_placeholder.png",0,0,0,0,0,0,0,"MILITAR",-0.06,0,0,3,0,88,0,0,0,0,0,6,0
8,"https://storage.eclesiar.com/medias/slot6_placeholder.png",0,0,0,0,0,0,0,"MILITAR",-0.08,0,0,4,0,89,0,0,0,0,0,6,0
10,"https://storage.eclesiar.com/medias/slot6_placeholder.png",0,0,0,0,0,0,0,"MILITAR",-0.1,0,0,5,0,90,0,0,0,0,0,6,0
0,"https://storage.eclesiar.com/medias/694.png?v=7141ebe1539f858d41ed4fe73bd51041",0,0,0,0,0,0,0,"MILITAR",0,0,0,6,0,91,0,0,0,0,0,4,1
0,"https://storage.eclesiar.com/medias/builder_slot1_placeholder.png",0,0,0.6,0,0,0,0,"CONSTRUCTION",0,0,0,1,1.2,92,0,0,0,0,0,1,0
0,"https://storage.eclesiar.com/medias/builder_slot1_placeholder.png",0,0,0,0,0,0,0,"CONSTRUCTION",0.03,0,0,1,0,93,0,1.2,0,0,0,1,0
0,"https://storage.eclesiar.com/medias/builder_slot1_placeholder.png",0,0,0,0,0,0,0,"CONSTRUCTION",0,0,0,1,1.2,94,0,0,0,0,1.2,1,0
0,"https://storage.eclesiar.com/medias/builder_slot2_placeholder.png",0,0,0,0,0,0,0,"CONSTRUCTION",0.03,0,0,1,0,95,1.2,0,0,0,0,2,0
0,"https://storage.eclesiar.com/medias/builder_slot2_placeholder.png",0,2,0,0,0,0,0,"CONSTRUCTION",0,0,0,1,1.2,96,0,0,0,0,0,2,0
0,"https://storage.eclesiar.com/medias/builder_slot2_placeholder.png",0,2,0,0,0,0,0,"CONSTRUCTION",0.03,0,0,1,0,97,0,0,0,0,0,2,0
0,"https://storage.eclesiar.com/medias/builder_slot3_placeholder.png",0,2,0.6,0,0,0,0,"CONSTRUCTION",0,0,0,1,0,98,0,0,0,0,0,3,0
0,"https://storage.eclesiar.com/medias/builder_slot3_placeholder.png",0,0,0,0,0,0,0,"CONSTRUCTION",0,0,0,1,1.2,99,0,1.2,0,0,0,3,0
0,"https://storage.eclesiar.com/medias/builder_slot3_placeholder.png",0,0,0,0,0,0,0,"CONSTRUCTION",0.03,0,0,1,0,100,0,1.2,0,0,0,3,0
0,"https://storage.eclesiar.com/medias/builder_slot4_placeholder.png",0,0,0,0,0,0,0,"CONSTRUCTION",0,0,0,1,0,101,1.2,0,0,0,1.2,4,0
0,"https://storage.eclesiar.com/medias/builder_slot4_placeholder.png",0,0,0,0,0,0,0,"CONSTRUCTION",0.03,0,0,1,0,102,1.2,0,0,0,0,4,0
0,"https://storage.eclesiar.com/medias/builder_slot4_placeholder.png",0,0,0,0,0,0,0,"CONSTRUCTION",0.03,0,0,1,0,103,0,0,0,0,1.2,4,0
0,"https://storage.eclesiar.com/medias/builder_slot5_placeholder.png",0,0,0,0,0,0,0,"CONSTRUCTION",0,0,0,1,1.2,104,1.2,0,0,0,0,5,0
0,"https://storage.eclesiar.com/medias/builder_slot5_placeholder.png",0,0,0,0,0,0,0,"CONSTRUCTION",0,0,0,1,0,105,1.2,0,0,0,1.2,5,0
0,"https://storage.eclesiar.com/medias/builder_slot5_placeholder.png",0,0,0.6,0,0,0,0,"CONSTRUCTION",0,0,0,1,0,106,0,1.2,0,0,0,5,0
0,"https://storage.eclesiar.com/medias/builder_slot6_placeholder.png",0,2,0,0,0,0,0,"CONSTRUCTION",0,0,0,1,0,107,0,1.2,0,0,0,6,0
0,"https://storage.eclesiar.com/medias/builder_slot6_placeholder.png",0,0,0.6,0,0,0,0,"CONSTRUCTION",0,0,0,1,0,108,0,0,0,0,1.2,6,0
0,"https://storage.eclesiar.com/medias/builder_slot6_placeholder.png",0,0,0,0,0,0,0,"CONSTRUCTION",0,0,0,1,0,109,1.2,0,0,0,1.2,6,0
0,"https://storage.eclesiar.com/medias/builder_slot1_placeholder.png",0,0,1.2,0,0,0,0,"CONSTRUCTION",0,0,0,2,2.4,110,0,0,0,0,0,1,0
0,"https://storage.eclesiar.com/medias/builder_slot1_placeholder.png",0,0,0,0,0,0,0,"CONSTRUCTION",0.06,0,0,2,0,111,0,2.4,0,0,0,1,0
0,"https://storage.eclesiar.com/medias/builder_slot1_placeholder.png",0,0,0,0,0,0,0,"CONSTRUCTION",0,0,0,2,2.4,112,0,0,0,0,2.4,1,0
0,"https://storage.eclesiar.com/medias/builder_slot2_placeholder.png",0,0,0,0,0,0,0,"CONSTRUCTION",0.06,0,0,2,0,113,2.4,0,0,0,0,2,0
0,"https://storage.eclesiar.com/medias/builder_slot2_placeholder.png",0,4,0,0,0,0,0,"CONSTRUCTION",0,0,0,2,2.4,114,0,0,0,0,0,2,0
0,"https://storage.eclesiar.com/medias/builder_slot2_placeholder.png",0,4,0,0,0,0,0,"CONSTRUCTION",0.06,0,0,2,0,115,0,0,0,0,0,2,0
0,"https://storage.eclesiar.com/medias/builder_slot3_placeholder.png",0,4,1.2,0,0,0,0,"CONSTRUCTION",0,0,0,2,0,116,0,0,0,0,0,3,0
0,"https://storage.eclesiar.com/medias/builder_slot3_placeholder.png",0,0,0,0,0,0,0,"CONSTRUCTION",0,0,0,2,2.4,117,0,2.4,0,0,0,3,0
0,"https://storage.eclesiar.com/medias/builder_slot3_placeholder.png",0,0,0,0,0,0,0,"CONSTRUCTION",0.06,0,0,2,0,118,0,2.4,0,0,0,3,0
0,"https://storage.eclesiar.com/medias/builder_slot4_placeholder.png",0,0,0,0,0,0,0,"CONSTRUCTION",0,0,0,2,0,119,2.4,0,0,0,2.4,4,0
0,"https://storage.eclesiar.com/medias/builder_slot4_placeholder.png",0,0,0,0,0,0,0,"CONSTRUCTION",0.06,0,0,2,0,120,2.4,0,0,0,0,4,0
0,"https://storage.eclesiar.com/medias/builder_slot4_placeholder.png",0,0,0,0,0,0,0,"CONSTRUCTION",0.06,0,0,2,0,121,0,0,0,0,2.4,4,0
0,"https://storage.eclesiar.com/medias/builder_slot5_placeholder.png",0,0,0,0,0,0,0,"CONSTRUCTION",0,0,0,2,2.4,122,2.4,0,0,0,0,5,0
0,"https://storage.eclesiar.com/medias/builder_slot5_placeholder.png",0,0,0,0,0,0,0,"CONSTRUCTION",0,0,0,2,0,123,2.4,0,0,0,2.4,5,0
0,"https://storage.eclesiar.com/medias/builder_slot5_placeholder.png",0,0,1.2,0,0,0,0,"CONSTRUCTION",0,0,0,2,0,124,0,2.4,0,0,0,5,0
0,"https://storage.eclesiar.com/medias/builder_slot6_placeholder.png",0,4,0,0,0,0,0,"CONSTRUCTION",0,0,0,2,0,125,0,2.4,0,0,0,6,0
0,"https://storage.eclesiar.com/medias/builder_slot6_placeholder.png",0,0,1.2,0,0,0,0,"CONSTRUCTION",0,0,0,2,0,126,0,0,0,0,2.4,6,0
0,"https://storage.eclesiar.com/medias/builder_slot6_placeholder.png",0,0,0,0,0,0,0,"CONSTRUCTION",0,0,0,2,0,127,2.4,0,0,0,2.4,6,0
0,"https://storage.eclesiar.com/medias/builder_slot1_placeholder.png",0,0,1.8,0,0,0,0,"CONSTRUCTION",0,0,0,3,3.6,128,0,0,0,0,0,1,0
0,"https://storage.eclesiar.com/medias/builder_slot1_placeholder.png",0,0,0,0,0,0,0,"CONSTRUCTION",0.09,0,0,3,0,129,0,3.6,0,0,0,1,0
0,"https://storage.eclesiar.com/medias/builder_slot1_placeholder.png",0,0,0,0,0,0,0,"CONSTRUCTION",0,0,0,3,3.6,130,0,0,0,0,3.6,1,0
0,"https://storage.eclesiar.com/medias/builder_slot2_placeholder.png",0,0,0,0,0,0,0,"CONSTRUCTION",0.09,0,0,3,0,131,3.6,0,0,0,0,2,0
0,"https://storage.eclesiar.com/medias/builder_slot2_placeholder.png",0,6,0,0,0,0,0,"CONSTRUCTION",0,0,0,3,3.6,132,0,0,0,0,0,2,0
0,"https://storage.eclesiar.com/medias/builder_slot2_placeholder.png",0,6,0,0,0,0,0,"CONSTRUCTION",0.09,0,0,3,0,133,0,0,0,0,0,2,0
0,"https://storage.eclesiar.com/medias/builder_slot3_placeholder.png",0,6,1.8,0,0,0,0,"CONSTRUCTION",0,0,0,3,0,134,0,0,0,0,0,3,0
0,"https://storage.eclesiar.com/medias/builder_slot3_placeholder.png",0,0,0,0,0,0,0,"CONSTRUCTION",0,0,0,3,3.6,135,0,3.6,0,0,0,3,0
0,"https://storage.eclesiar.com/medias/builder_slot3_placeholder.png",0,0,0,0,0,0,0,"CONSTRUCTION",0.09,0,0,3,0,136,0,3.6,0,0,0,3,0
0,"https://storage.eclesiar.com/medias/builder_slot4_placeholder.png",0,0,0,0,0,0,0,"CONSTRUCTION",0,0,0,3,0,137,3.6,0,0,0,3.6,4,0
0,"https://storage.eclesiar.com/medias/builder_slot4_placeholder.png",0,0,0,0,0,0,0,"CONSTRUCTION",0.09,0,0,3,0,138,3.6,0,0,0,0,4,0
0,"https://storage.eclesiar.com/medias/builder_slot4_placeholder.png",0,0,0,0,0,0,0,"CONSTRUCTION",0.09,0,0,3,0,139,0,0,0,0,3.6,4,0
0,"https://storage.eclesiar.com/medias/builder_slot5_placeholder.png",0,0,0,0,0,0,0,"CONSTRUCTION",0,0,0,3,3.6,140,3.6,0,0,0,0,5,0
0,"https://storage.eclesiar.com/medias/builder_slot5_placeholder.png",0,0,0,0,0,0,0,"CONSTRUCTION",0,0,0,3,0,141,3.6,0,0,0,3.6,5,0
0,"https://storage.eclesiar.com/medias/builder_slot5_placeholder.png",0,0,1.8,0,0,0,0,"CONSTRUCTION",0,0,0,3,0,142,0,3.6,0,0,0,5,0
0,"https://storage.eclesiar.com/medias/builder_slot6_placeholder.png",0,6,0,0,0,0,0,"CONSTRUCTION",0,0,0,3,0,143,0,3.6,0,0,0,6,0
0,"https://storage.eclesiar.com/medias/builder_slot6_placeholder.png",0,0,1.8,0,0,0,0,"CONSTRUCTION",0,0,0,3,0,144,0,0,0,0,3.6,6,0
0,"https://storage.eclesiar.com/medias/builder_slot6_placeholder.png",0,0,0,0,0,0,0,"CONSTRUCTION",0,0,0,3,0,145,3.6,0,0,0,3.6,6,0
0,"https://storage.eclesiar.com/medias/builder_slot1_placeholder.png",0,0,2.4,0,0,0,0,"CONSTRUCTION",0,0,0,4,4.8,146,0,0,0,0,0,1,0
0,"https://storage.eclesiar.com/medias/builder_slot1_placeholder.png",0,0,0,0,0,0,0,"CONSTRUCTION",0.12,0,0,4,0,147,0,4.8,0,0,0,1,0
0,"https://storage.eclesiar.com/medias/builder_slot1_placeholder.png",0,0,0,0,0,0,0,"CONSTRUCTION",0,0,0,4,4.8,148,0,0,0,0,4.8,1,0
0,"https://storage.eclesiar.com/medias/builder_slot2_placeholder.png",0,0,0,0,0,0,0,"CONSTRUCTION",0.12,0,0,4,0,149,4.8,0,0,0,0,2,0
0,"https://storage.eclesiar.com/medias/builder_slot2_placeholder.png",0,8,0,0,0,0,0,"CONSTRUCTION",0,0,0,4,4.8,150,0,0,0,0,0,2,0
0,"https://storage.eclesiar.com/medias/builder_slot2_placeholder.png",0,8,0,0,0,0,0,"CONSTRUCTION",0.12,0,0,4,0,151,0,0,0,0,0,2,0
0,"https://storage.eclesiar.com/medias/builder_slot3_placeholder.png",0,8,2.4,0,0,0,0,"CONSTRUCTION",0,0,0,4,0,152,0,0,0,0,0,3,0
0,"https://storage.eclesiar.com/medias/builder_slot3_placeholder.png",0,0,0,0,0,0,0,"CONSTRUCTION",0,0,0,4,4.8,153,0,4.8,0,0,0,3,0
0,"https://storage.eclesiar.com/medias/builder_slot3_placeholder.png",0,0,0,0,0,0,0,"CONSTRUCTION",0.12,0,0,4,0,154,0,4.8,0,0,0,3,0
0,"https://storage.eclesiar.com/medias/builder_slot4_placeholder.png",0,0,0,0,0,0,0,"CONSTRUCTION",0,0,0,4,0,155,4.8,0,0,0,4.8,4,0
0,"https://storage.eclesiar.com/medias/builder_slot4_placeholder.png",0,0,0,0,0,0,0,"CONSTRUCTION",0.12,0,0,4,0,156,4.8,0,0,0,0,4,0
0,"https://storage.eclesiar.com/medias/builder_slot4_placeholder.png",0,0,0,0,0,0,0,"CONSTRUCTION",0.12,0,0,4,0,157,0,0,0,0,4.8,4,0
0,"https://storage.eclesiar.com/medias/builder_slot5_placeholder.png",0,0,0,0,0,0,0,"CONSTRUCTION",0,0,0,4,4.8,158,4.8,0,0,0,0,5,0
0,"https://storage.eclesiar.com/medias/builder_slot5_placeholder.png",0,0,0,0,0,0,0,"CONSTRUCTION",0,0,0,4,0,159,4.8,0,0,0,4.8,5,0
0,"https://storage.eclesiar.com/medias/builder_slot5_placeholder.png",0,0,2.4,0,0,0,0,"CONSTRUCTION",0,0,0,4,0,160,0,4.8,0,0,0,5,0
0,"https://storage.eclesiar.com/medias/builder_slot6_placeholder.png",0,8,0,0,0,0,0,"CONSTRUCTION",0,0,0,4,0,161,0,4.8,0,0,0,6,0
0,"https://storage.eclesiar.com/medias/builder_slot6_placeholder.png",0,0,2.4,0,0,0,0,"CONSTRUCTION",0,0,0,4,0,162,0,0,0,0,4.8,6,0
0,"https://storage.eclesiar.com/medias/builder_slot6_placeholder.png",0,0,0,0,0,0,0,"CONSTRUCTION",0,0,0,4,0,163,4.8,0,0,0,4.8,6,0
0,"https://storage.eclesiar.com/medias/builder_slot1_placeholder.png",0,0,3,0,0,0,0,"CONSTRUCTION",0,0,0,5,6,164,0,0,0,0,0,1,0
0,"https://storage.eclesiar.com/medias/builder_slot1_placeholder.png",0,0,0,0,0,0,0,"CONSTRUCTION",0.15,0,0,5,0,165,0,6,0,0,0,1,0
0,"https://storage.eclesiar.com/medias/builder_slot1_placeholder.png",0,0,0,0,0,0,0,"CONSTRUCTION",0,0,0,5,6,166,0,0,0,0,6,1,0
0,"https://storage.eclesiar.com/medias/builder_slot2_placeholder.png",0,0,0,0,0,0,0,"CONSTRUCTION",0.15,0,0,5,0,167,6,0,0,0,0,2,0
0,"https://storage.eclesiar.com/medias/builder_slot2_placeholder.png",0,10,0,0,0,0,0,"CONSTRUCTION",0,0,0,5,6,168,0,0,0,0,0,2,0
0,"https://storage.eclesiar.com/medias/builder_slot2_placeholder.png",0,10,0,0,0,0,0,"CONSTRUCTION",0.15,0,0,5,0,169,0,0,0,0,0,2,0
0,"https://storage.eclesiar.com/medias/builder_slot3_placeholder.png",0,10,3,0,0,0,0,"CONSTRUCTION",0,0,0,5,0,170,0,0,0,0,0,3,0
0,"https://storage.eclesiar.com/medias/builder_slot3_placeholder.png",0,0,0,0,0,0,0,"CONSTRUCTION",0,0,0,5,6,171,0,6,0,0,0,3,0
0,"https://storage.eclesiar.com/medias/builder_slot3_placeholder.png",0,0,0,0,0,0,0,"CONSTRUCTION",0.15,0,0,5,0,172,0,6,0,0,0,3,0
0,"https://storage.eclesiar.com/medias/builder_slot4_placeholder.png",0,0,0,0,0,0,0,"CONSTRUCTION",0,0,0,5,0,173,6,0,0,0,6,4,0
0,"https://storage.eclesiar.com/medias/builder_slot4_placeholder.png",0,0,0,0,0,0,0,"CONSTRUCTION",0.15,0,0,5,0,174,6,0,0,0,0,4,0
0,"https://storage.eclesiar.com/medias/builder_slot4_placeholder.png",0,0,0,0,0,0,0,"CONSTRUCTION",0.15,0,0,5,0,175,0,0,0,0,6,4,0
0,"https://storage.eclesiar.com/medias/builder_slot5_placeholder.png",0,0,0,0,0,0,0,"CONSTRUCTION",0,0,0,5,6,176,6,0,0,0,0,5,0
0,"https://storage.eclesiar.com/medias/builder_slot5_placeholder.png",0,0,0,0,0,0,0,"CONSTRUCTION",0,0,0,5,0,177,6,0,0,0,6,5,0
0,"https://storage.eclesiar.com/medias/builder_slot5_placeholder.png",0,0,3,0,0,0,0,"CONSTRUCTION",0,0,0,5,0,178,0,6,0,0,0,5,0
0,"https://storage.eclesiar.com/medias/builder_slot6_placeholder.png",0,10,0,0,0,0,0,"CONSTRUCTION",0,0,0,5,0,179,0,6,0,0,0,6,0
0,"https://storage.eclesiar.com/medias/builder_slot6_placeholder.png",0,0,3,0,0,0,0,"CONSTRUCTION",0,0,0,5,0,180,0,0,0,0,6,6,0
0,"https://storage.eclesiar.com/medias/builder_slot6_placeholder.png",0,0,0,0,0,0,0,"CONSTRUCTION",0,0,0,5,0,181,6,0,0,0,6,6,0
0,"https://storage.eclesiar.com/medias/9409.png?v=fdb685e81d50c558e1dd8a0d3c6dc37a",0,0,0,1,0,1,1,"MILITAR_DESERT",0,0,0,1,0,182,0,0,0,0,0,1,0
0,"https://storage.eclesiar.com/medias/9410.png?v=b7aa933e51de0a5a0067657809b3b854",0,0,0,2,0,2,2,"MILITAR_DESERT",0,0,0,2,0,183,0,0,0,0,0,1,0
0,"https://storage.eclesiar.com/medias/9411.png?v=d7b9934a3f4825dd47669ccabeb5b8f2",0,0,0,3,0,3,3,"MILITAR_DESERT",0,0,0,3,0,184,0,0,0,0,0,1,0
0,"https://storage.eclesiar.com/medias/9412.png?v=161f70952cdc6b047071f2592429b5ca",0,0,0,4,0,4,4,"MILITAR_DESERT",0,0,0,4,0,185,0,0,0,0,0,1,0
0,"https://storage.eclesiar.com/medias/9413.png?v=666710a736613eecedb562ad6c856c4e",0,0,0,5,0,5,5,"MILITAR_DESERT",0,0,0,5,0,186,0,0,0,0,0,1,0
1,"https://storage.eclesiar.com/medias/9414.png?v=a857d205b071a6b85b2c09aac0430611",0,0,0,0,3,0,3,"MILITAR_DESERT",0,0,0,1,0,187,0,0,0,0,0,2,0
2,"https://storage.eclesiar.com/medias/9415.png?v=741efd6f761e0c5d3619086c6539fd6a",0,0,0,0,6,0,6,"MILITAR_DESERT",0,0,0,2,0,188,0,0,0,0,0,2,0
3,"https://storage.eclesiar.com/medias/9416.png?v=fd8b126d5c5f08bcc1dcdbaad412939d",0,0,0,0,9,0,9,"MILITAR_DESERT",0,0,0,3,0,189,0,0,0,0,0,2,0
4,"https://storage.eclesiar.com/medias/9417.png?v=bbbb29990379fb1d5b1865af1edc7cb9",0,0,0,0,12,0,12,"MILITAR_DESERT",0,0,0,4,0,190,0,0,0,0,0,2,0
5,"https://storage.eclesiar.com/medias/9418.png?v=8d4e51fe7786c47f36f92d3345aabf93",0,0,0,0,15,0,15,"MILITAR_DESERT",0,0,0,5,0,191,0,0,0,0,0,2,0
0,"https://storage.eclesiar.com/medias/9419.png?v=5a421a017e829fe49f8b89392f8a4bf4",0,0,0,0,5,0,2,"MILITAR_DESERT",0,0,0,1,0,192,0,0,0,0,0,3,20
0,"https://storage.eclesiar.com/medias/9420.png?v=e295374c530cf03f1c925f358ba81029",0,0,0,0,10,0,4,"MILITAR_DESERT",0,0,0,2,0,193,0,0,0,0,0,3,40
0,"https://storage.eclesiar.com/medias/9421.png?v=31a93b490451ee3a8dc5d919f5e336f6",0,0,0,0,15,0,6,"MILITAR_DESERT",0,0,0,3,0,194,0,0,0,0,0,3,60
0,"https://storage.eclesiar.com/medias/9422.png?v=55bb8a72264382f36478d16ce2a0f0d1",0,0,0,0,20,0,8,"MILITAR_DESERT",0,0,0,4,0,195,0,0,0,0,0,3,80
0,"https://storage.eclesiar.com/medias/9423.png?v=d54af338da7c703bb2395807d6b604fc",0,0,0,0,25,0,10,"MILITAR_DESERT",0,0,0,5,0,196,0,0,0,0,0,3,100
0,"https://storage.eclesiar.com/medias/9424.png?v=76d70eae2e042cbedaef39d5e254fe60",0,0,0,2,3,0,4,"MILITAR_DESERT",0,0,0,1,0,197,0,0,0,0,0,4,0
0,"https://storage.eclesiar.com/medias/9425.png?v=39d26831e619a088771692098748bf77",0,0,0,4,6,0,8,"MILITAR_DESERT",0,0,0,2,0,198,0,0,0,0,0,4,0
0,"https://storage.eclesiar.com/medias/9426.png?v=ab3bfe5980abd701c052d1539a4505f8",0,0,0,6,9,0,12,"MILITAR_DESERT",0,0,0,3,0,199,0,0,0,0,0,4,0
0,"https://storage.eclesiar.com/medias/9427.png?v=98d6ac6a3c01bb91177d010857338015",0,0,0,8,12,0,16,"MILITAR_DESERT",0,0,0,4,0,200,0,0,0,0,0,4,0
0,"https://storage.eclesiar.com/medias/9428.png?v=8f1ff17a96a0e1ebabfa548c48e2a5ed",0,0,0,10,15,0,20,"MILITAR_DESERT",0,0,0,5,0,201,0,0,0,0,0,4,0
0,"https://storage.eclesiar.com/medias/9429.png?v=bc69baacc9b5a1ce7c2dd0d9257e265f",0,0,0,0,3,0,3,"MILITAR_DESERT",0,0,0,1,0,202,0,0,0,0,0,5,10
0,"https://storage.eclesiar.com/medias/9430.png?v=f5000b5b89c26ad369467b792fd6a36a",0,0,0,0,6,0,6,"MILITAR_DESERT",0,0,0,2,0,203,0,0,0,0,0,5,20
0,"https://storage.eclesiar.com/medias/9431.png?v=1c804a1a5c6fa6c98ec7122a462e46ce",0,0,0,0,9,0,9,"MILITAR_DESERT",0,0,0,3,0,204,0,0,0,0,0,5,30
0,"https://storage.eclesiar.com/medias/9432.png?v=1560625d99629c25051f608ad0772965",0,0,0,0,12,0,12,"MILITAR_DESERT",0,0,0,4,0,205,0,0,0,0,0,5,40
0,"https://storage.eclesiar.com/medias/9433.png?v=f2fe6aa85df2e1558574ba4049ce9f6d",0,0,0,0,15,0,15,"MILITAR_DESERT",0,0,0,5,0,206,0,0,0,0,0,5,50
1,"https://storage.eclesiar.com/medias/9434.png?v=ad7095f3b4a163fefd836c6ccec6ac7c",0,0,0,0,0,1,1,"MILITAR_DESERT",0,0,0,1,0,207,0,0,0,0,0,6,0
2,"https://storage.eclesiar.com/medias/9435.png?v=9ff37f5443f9f0f02b24bb7e1c806fdb",0,0,0,0,0,2,2,"MILITAR_DESERT",0,0,0,2,0,208,0,0,0,0,0,6,0
3,"https://storage.eclesiar.com/medias/9436.png?v=f82ba5eed3e44b7773b831cff7baea57",0,0,0,0,0,3,3,"MILITAR_DESERT",0,0,0,3,0,209,0,0,0,0,0,6,0
4,"https://storage.eclesiar.com/medias/9437.png?v=cb230f17d56e62a748d203b387dbcd56",0,0,0,0,0,4,4,"MILITAR_DESERT",0,0,0,4,0,210,0,0,0,0,0,6,0
5,"https://storage.eclesiar.com/medias/9438.png?v=4a5da1140cfb325201ad5f4ee55fe881",0,0,0,0,0,5,5,"MILITAR_DESERT",0,0,0,5,0,211,0,0,0,0,0,6,0
0,"https://storage.eclesiar.com/medias/9439.png?v=4afc7cf98af1fbaf15daea47ce9ae396",0,0,0,0,0,1,2,"MILITAR_DESERT",0,0,0,1,0,212,0,0,0,0,0,1,5
0,"https://storage.eclesiar.com/medias/9440.png?v=2c30acfedb4e76c02297fc44287612d3",0,0,0,0,0,2,4,"MILITAR_DESERT",0,0,0,2,0,213,0,0,0,0,0,1,10
0,"https://storage.eclesiar.com/medias/9441.png?v=b22ded1e2f9d9eabd252b8b8ad43517b",0,0,0,0,0,3,6,"MILITAR_DESERT",0,0,0,3,0,214,0,0,0,0,0,1,15
0,"https://storage.eclesiar.com/medias/9442.png?v=84e325af51ccf01877779a621246d138",0,0,0,0,0,4,8,"MILITAR_DESERT",0,0,0,4,0,215,0,0,0,0,0,1,20
0,"https://storage.eclesiar.com/medias/9443.png?v=be2f029f80fec7d211856dd339a3e53a",0,0,0,0,0,5,10,"MILITAR_DESERT",0,0,0,5,0,216,0,0,0,0,0,1,25
0,"https://storage.eclesiar.com/medias/9444.png?v=43140a351ee59fc5588e747cb131457f",0,0,0,0,0,1,4,"MILITAR_DESERT",0,0,0,1,0,217,0,0,0,0,0,2,20
0,"https://storage.eclesiar.com/medias/9445.png?v=6a92784512e7daf4052be09733f1868c",0,0,0,0,0,2,8,"MILITAR_DESERT",0,0,0,2,0,218,0,0,0,0,0,2,40
0,"https://storage.eclesiar.com/medias/9446.png?v=13dd2e18f85c5f28aa90fa6ce63b7597",0,0,0,0,0,3,12,"MILITAR_DESERT",0,0,0,3,0,219,0,0,0,0,0,2,60
0,"https://storage.eclesiar.com/medias/9447.png?v=6210434bd5b0fee6d228002cb879490d",0,0,0,0,0,4,16,"MILITAR_DESERT",0,0,0,4,0,220,0,0,0,0,0,2,80
0,"https://storage.eclesiar.com/medias/9448.png?v=0b01fc30df4242d4d1e01d6d9262916c",0,0,0,0,0,5,20,"MILITAR_DESERT",0,0,0,5,0,221,0,0,0,0,0,2,100
1,"https://storage.eclesiar.com/medias/9449.png?v=35d0e60177218cc8b28cec0ac205addb",0,0,0,2,0,0,3,"MILITAR_DESERT",0,0,0,1,0,222,0,0,0,0,0,3,0
2,"https://storage.eclesiar.com/medias/9450.png?v=b8b104192f1b16829c9ed8b3c28c6aba",0,0,0,4,0,0,6,"MILITAR_DESERT",0,0,0,2,0,223,0,0,0,0,0,3,0
3,"https://storage.eclesiar.com/medias/9451.png?v=86c47fe862faacd5b45ede9862bbfd65",0,0,0,6,0,0,9,"MILITAR_DESERT",0,0,0,3,0,224,0,0,0,0,0,3,0
4,"https://storage.eclesiar.com/medias/9452.png?v=d36db060e8021b0f287ba444aac25ce4",0,0,0,8,0,0,12,"MILITAR_DESERT",0,0,0,4,0,225,0,0,0,0,0,3,0
5,"https://storage.eclesiar.com/medias/9453.png?v=0a3c8508275bcc0cd11f84a24b570704",0,0,0,10,0,0,15,"MILITAR_DESERT",0,0,0,5,0,226,0,0,0,0,0,3,0
0,"https://storage.eclesiar.com/medias/9454.png?v=e7afcf4e748297276b4d727d3cf5c3d0",0,0,0,1,0,2,5,"MILITAR_DESERT",0,0,0,1,0,227,0,0,0,0,0,4,0
0,"https://storage.eclesiar.com/medias/9455.png?v=9cd3c85a6a967fe40c3905193dcc1f74",0,0,0,2,0,4,10,"MILITAR_DESERT",0,0,0,2,0,228,0,0,0,0,0,4,0
0,"https://storage.eclesiar.com/medias/9456.png?v=416d5086890798a9f87a92481cf72ded",0,0,0,3,0,6,15,"MILITAR_DESERT",0,0,0,3,0,229,0,0,0,0,0,4,0
0,"https://storage.eclesiar.com/medias/9457.png?v=2fb8f96c5b1ca17a4e81308d29497a08",0,0,0,4,0,8,20,"MILITAR_DESERT",0,0,0,4,0,230,0,0,0,0,0,4,0
0,"https://storage.eclesiar.com/medias/9458.png?v=edf4c9dde36394d1a2060fd9943ce61c",0,0,0,5,0,10,25,"MILITAR_DESERT",0,0,0,5,0,231,0,0,0,0,0,4,0
0,"https://storage.eclesiar.com/medias/9459.png?v=a53f9ca913ba4d82c8e380a93af2dd85",0,0,0,1,0,1,4,"MILITAR_DESERT",0,0,0,1,0,232,0,0,0,0,0,5,0
0,"https://storage.eclesiar.com/medias/9460.png?v=1d56fcfb2b816c595f08e5a4b065da19",0,0,0,2,0,2,8,"MILITAR_DESERT",0,0,0,2,0,233,0,0,0,0,0,5,0
0,"https://storage.eclesiar.com/medias/9461.png?v=2af446d800b2cf67ee76825022966046",0,0,0,3,0,3,12,"MILITAR_DESERT",0,0,0,3,0,234,0,0,0,0,0,5,0
0,"https://storage.eclesiar.com/medias/9462.png?v=d909215586c417f2b4c0a20bc2797bbf",0,0,0,4,0,4,16,"MILITAR_DESERT",0,0,0,4,0,235,0,0,0,0,0,5,0
0,"https://storage.eclesiar.com/medias/9463.png?v=34b372c52bd26d6f9367ca29a7074874",0,0,0,5,0,5,20,"MILITAR_DESERT",0,0,0,5,0,236,0,0,0,0,0,5,0
0,"https://storage.eclesiar.com/medias/9464.png?v=16038db1e3245270791fbc8146dbfb9e",0,0,0,1,0,0,2,"MILITAR_DESERT",0,0,0,1,0,237,0,0,0,0,0,6,25
0,"https://storage.eclesiar.com/medias/9465.png?v=781f817b7f17a880b129aeb19395af20",0,0,0,2,0,0,4,"MILITAR_DESERT",0,0,0,2,0,238,0,0,0,0,0,6,50
0,"https://storage.eclesiar.com/medias/9466.png?v=df1c473ba192531e22210975f2c58f2c",0,0,0,3,0,0,6,"MILITAR_DESERT",0,0,0,3,0,239,0,0,0,0,0,6,75
0,"https://storage.eclesiar.com/medias/9467.png?v=bbe34d85e68e52d932758e9153d3774e",0,0,0,4,0,0,8,"MILITAR_DESERT",0,0,0,4,0,240,0,0,0,0,0,6,100
0,"https://storage.eclesiar.com/medias/9468.png?v=a23f43277e2cd44792d98b8dd2540cbb",0,0,0,5,0,0,10,"MILITAR_DESERT",0,0,0,5,0,241,0,0,0,0,0,6,125
1,"https://storage.eclesiar.com/medias/9469.png?v=d03f4a4072b6746dac84bf5aea50d515",0,0,0,0,0,0,3,"MILITAR_DESERT",0,0,0,1,0,242,0,0,0,0,0,1,15
2,"https://storage.eclesiar.com/medias/9470.png?v=f77edda244dd2d51be6b033aaefac523",0,0,0,0,0,0,6,"MILITAR_DESERT",0,0,0,2,0,243,0,0,0,0,0,1,30
3,"https://storage.eclesiar.com/medias/9471.png?v=a9b46046641e089bfd6b636eaf8be5f3",0,0,0,0,0,0,9,"MILITAR_DESERT",0,0,0,3,0,244,0,0,0,0,0,1,45
4,"https://storage.eclesiar.com/medias/9472.png?v=daab7e798f59cc873d67b43582d42b62",0,0,0,0,0,0,12,"MILITAR_DESERT",0,0,0,4,0,245,0,0,0,0,0,1,60
5,"https://storage.eclesiar.com/medias/9473.png?v=5ddafd1ae031842edb3f304246d503a6",0,0,0,0,0,0,15,"MILITAR_DESERT",0,0,0,5,0,246,0,0,0,0,0,1,75
0,"https://storage.eclesiar.com/medias/9474.png?v=dd2033b44c8b6f2aa612162e1e607e28",0,0,0,2,0,1,5,"MILITAR_DESERT",0,0,0,1,0,247,0,0,0,0,0,2,0
0,"https://storage.eclesiar.com/medias/9475.png?v=cc8e9b04ee77f0b77cf950e1a6985cca",0,0,0,4,0,2,10,"MILITAR_DESERT",0,0,0,2,0,248,0,0,0,0,0,2,0
0,"https://storage.eclesiar.com/medias/9476.png?v=527f52cd6d502256babf487502ef0b6d",0,0,0,6,0,3,15,"MILITAR_DESERT",0,0,0,3,0,249,0,0,0,0,0,2,0
0,"https://storage.eclesiar.com/medias/9477.png?v=d4d83133c1a6585e87054bb97e0c1ef3",0,0,0,8,0,4,20,"MILITAR_DESERT",0,0,0,4,0,250,0,0,0,0,0,2,0
0,"https://storage.eclesiar.com/medias/9478.png?v=97a949e8550a9056774045e33712dffb",0,0,0,10,0,5,25,"MILITAR_DESERT",0,0,0,5,0,251,0,0,0,0,0,2,0
0,"https://storage.eclesiar.com/medias/9479.png?v=a64d1dc8f3ab0a6da86fc30af01f500c",0,0,0,3,0,2,4,"MILITAR_DESERT",0,0,0,1,0,252,0,0,0,0,0,3,0
0,"https://storage.eclesiar.com/medias/9480.png?v=4bf492def08cce09147d77a475e00fd1",0,0,0,6,0,4,8,"MILITAR_DESERT",0,0,0,2,0,253,0,0,0,0,0,3,0
0,"https://storage.eclesiar.com/medias/9481.png?v=6e9f96ebcbf05676cff5c8f567e910cb",0,0,0,9,0,6,12,"MILITAR_DESERT",0,0,0,3,0,254,0,0,0,0,0,3,0
0,"https://storage.eclesiar.com/medias/9482.png?v=8af9b97cb8dff0d5f2bc06e6310c9d03",0,0,0,12,0,8,16,"MILITAR_DESERT",0,0,0,4,0,255,0,0,0,0,0,3,0
0,"https://storage.eclesiar.com/medias/9483.png?v=15a36d0448760c1f74142b0bbc2f4c75",0,0,0,15,0,10,20,"MILITAR_DESERT",0,0,0,5,0,256,0,0,0,0,0,3,0
3,"https://storage.eclesiar.com/medias/9484.png?v=3555117da7fcc02fa619ef91a7f8b1b6",0,0,0,0,0,2,6,"MILITAR_DESERT",0,0,0,1,0,257,0,0,0,0,0,4,0
6,"https://storage.eclesiar.com/medias/9485.png?v=693f0b0a5f3484e097dd0441ccc509f7",0,0,0,0,0,4,12,"MILITAR_DESERT",0,0,0,2,0,258,0,0,0,0,0,4,0
9,"https://storage.eclesiar.com/medias/9486.png?v=e0202c962d847307f657d6cd04a58d5a",0,0,0,0,0,6,18,"MILITAR_DESERT",0,0,0,3,0,259,0,0,0,0,0,4,0
12,"https://storage.eclesiar.com/medias/9487.png?v=c15e9a2c0a78aca7e8cf4a738f4fa24d",0,0,0,0,0,8,24,"MILITAR_DESERT",0,0,0,4,0,260,0,0,0,0,0,4,0
15,"https://storage.eclesiar.com/medias/9488.png?v=d2a615027d14e214b31ea2e5453e8d3d",0,0,0,0,0,10,30,"MILITAR_DESERT",0,0,0,5,0,261,0,0,0,0,0,4,0
2,"https://storage.eclesiar.com/medias/9489.png?v=8b6a3ec365463d113e96299369ba08c5",0,0,0,0,0,2,5,"MILITAR_DESERT",0,0,0,1,0,262,0,0,0,0,0,5,0
4,"https://storage.eclesiar.com/medias/9490.png?v=6ae9d29f6ada6b497b7c6e423754a605",0,0,0,0,0,4,10,"MILITAR_DESERT",0,0,0,2,0,263,0,0,0,0,0,5,0
6,"https://storage.eclesiar.com/medias/9491.png?v=42739c9f3e6c5ecbcbd137fa0dc404e0",0,0,0,0,0,6,15,"MILITAR_DESERT",0,0,0,3,0,264,0,0,0,0,0,5,0
8,"https://storage.eclesiar.com/medias/9492.png?v=c1904acf173861aaaa740475ef717560",0,0,0,0,0,8,20,"MILITAR_DESERT",0,0,0,4,0,265,0,0,0,0,0,5,0
10,"https://storage.eclesiar.com/medias/9493.png?v=8fa0d9201ad9ca287e73aa08956d4369",0,0,0,0,0,10,25,"MILITAR_DESERT",0,0,0,5,0,266,0,0,0,0,0,5,0
0,"https://storage.eclesiar.com/medias/9494.png?v=d03e901b12bc058c61919b4286f9578b",0,0,0,0,0,2,3,"MILITAR_DESERT",0,0,0,1,0,267,0,0,0,0,0,6,25
0,"https://storage.eclesiar.com/medias/9495.png?v=f8fb4bff81b453804d56ef41bc252735",0,0,0,0,0,4,6,"MILITAR_DESERT",0,0,0,2,0,268,0,0,0,0,0,6,50
0,"https://storage.eclesiar.com/medias/9496.png?v=5627715ab76ba7c7baa5b261161b2454",0,0,0,0,0,6,9,"MILITAR_DESERT",0,0,0,3,0,269,0,0,0,0,0,6,75
0,"https://storage.eclesiar.com/medias/9497.png?v=10891f924bf589df0777fb1a9b47ad36",0,0,0,0,0,8,12,"MILITAR_DESERT",0,0,0,4,0,270,0,0,0,0,0,6,100
0,"https://storage.eclesiar.com/medias/9498.png?v=301cb34df4bbf94b76d3513885ce47d8",0,0,0,0,0,10,15,"MILITAR_DESERT",0,0,0,5,0,271,0,0,0,0,0,6,125
0,"https://storage.eclesiar.com/medias/9499.png?v=69f0911ae7ddd09fff79097b95f18318",0,0,0,0,1,1,0,"MILITAR_FLATLAND",0,1,0,1,0,272,0,0,0,0,0,1,0
0,"https://storage.eclesiar.com/medias/9500.png?v=1e5a892322976132d7175ed8cfc57772",0,0,0,0,2,2,0,"MILITAR_FLATLAND",0,2,0,2,0,273,0,0,0,0,0,1,0
0,"https://storage.eclesiar.com/medias/9501.png?v=96bffb5770b19f8e4a675565a6f701eb",0,0,0,0,3,3,0,"MILITAR_FLATLAND",0,3,0,3,0,274,0,0,0,0,0,1,0
0,"https://storage.eclesiar.com/medias/9502.png?v=b9856b00154110e3fae59ccaca3b7e96",0,0,0,0,4,4,0,"MILITAR_FLATLAND",0,4,0,4,0,275,0,0,0,0,0,1,0
0,"https://storage.eclesiar.com/medias/9503.png?v=bb08db718ea8b08b51588758d34e4c41",0,0,0,0,5,5,0,"MILITAR_FLATLAND",0,5,0,5,0,276,0,0,0,0,0,1,0
0,"https://storage.eclesiar.com/medias/9504.png?v=f134431833d912bb5f81e4c932d94e81",0,0,0,0,3,2,0,"MILITAR_FLATLAND",0,3,0,1,0,277,0,0,0,0,0,2,0
0,"https://storage.eclesiar.com/medias/9505.png?v=e3375977d0ff6e193cc07bcb56fb99a5",0,0,0,0,6,4,0,"MILITAR_FLATLAND",0,6,0,2,0,278,0,0,0,0,0,2,0
0,"https://storage.eclesiar.com/medias/9506.png?v=4013c0fd1e036da95f4005fae2f0de82",0,0,0,0,9,6,0,"MILITAR_FLATLAND",0,9,0,3,0,279,0,0,0,0,0,2,0
0,"https://storage.eclesiar.com/medias/9507.png?v=4bb569d6f4cc54c8c9f288e6c0c77787",0,0,0,0,12,8,0,"MILITAR_FLATLAND",0,12,0,4,0,280,0,0,0,0,0,2,0
0,"https://storage.eclesiar.com/medias/9508.png?v=bfd31c8c9ed2956ad6d0ff43aaf17857",0,0,0,0,15,10,0,"MILITAR_FLATLAND",0,15,0,5,0,281,0,0,0,0,0,2,0
1,"https://storage.eclesiar.com/medias/9509.png?v=d0ca21c9a5f7406df458b750d87303d1",0,0,0,0,0,2,0,"MILITAR_FLATLAND",0,2,0,1,0,282,0,0,0,0,0,3,0
2,"https://storage.eclesiar.com/medias/9510.png?v=0cbc65a71e5b7c7fed67589defe0b55b",0,0,0,0,0,4,0,"MILITAR_FLATLAND",0,4,0,2,0,283,0,0,0,0,0,3,0
3,"https://storage.eclesiar.com/medias/9511.png?v=024de2dff408d6826441036df384fb7d",0,0,0,0,0,6,0,"MILITAR_FLATLAND",0,6,0,3,0,284,0,0,0,0,0,3,0
4,"https://storage.eclesiar.com/medias/9512.png?v=eb5a945d159110fb8b2f4ec2883bb0c0",0,0,0,0,0,8,0,"MILITAR_FLATLAND",0,8,0,4,0,285,0,0,0,0,0,3,0
5,"https://storage.eclesiar.com/medias/9513.png?v=b76ce829ef37c5db10dac39a6c9f4411",0,0,0,0,0,10,0,"MILITAR_FLATLAND",0,10,0,5,0,286,0,0,0,0,0,3,0
0,"https://storage.eclesiar.com/medias/9514.png?v=f2f4fc79b2b8464409342e13983d62ab",0,0,0,0,3,0,0,"MILITAR_FLATLAND",0,4,0,1,0,287,0,0,0,0,0,4,30
0,"https://storage.eclesiar.com/medias/9515.png?v=b8182cf4aab64bd32b777b115a8a8842",0,0,0,0,6,0,0,"MILITAR_FLATLAND",0,8,0,2,0,288,0,0,0,0,0,4,60
0,"https://storage.eclesiar.com/medias/9516.png?v=b4e105ab7c7837a3afea7b4558c06090",0,0,0,0,9,0,0,"MILITAR_FLATLAND",0,12,0,3,0,289,0,0,0,0,0,4,90
0,"https://storage.eclesiar.com/medias/9517.png?v=8777938fefbb94b440714dc36c11dab6",0,0,0,0,12,0,0,"MILITAR_FLATLAND",0,16,0,4,0,290,0,0,0,0,0,4,120
0,"https://storage.eclesiar.com/medias/9518.png?v=5a3b218e6951b90f5667f896bdbd4084",0,0,0,0,15,0,0,"MILITAR_FLATLAND",0,20,0,5,0,291,0,0,0,0,0,4,150
0,"https://storage.eclesiar.com/medias/9519.png?v=a7771a2a77e561d45d9a056db57ac618",0,0,0,0,2,2,0,"MILITAR_FLATLAND",0,3,0,1,0,292,0,0,0,0,0,5,0
0,"https://storage.eclesiar.com/medias/9520.png?v=146261784983ff9a83fa3cb9c745c0ce",0,0,0,0,4,4,0,"MILITAR_FLATLAND",0,6,0,2,0,293,0,0,0,0,0,5,0
0,"https://storage.eclesiar.com/medias/9521.png?v=2433ff6ed7b9708fef8f9994271645d8",0,0,0,0,6,6,0,"MILITAR_FLATLAND",0,9,0,3,0,294,0,0,0,0,0,5,0
0,"https://storage.eclesiar.com/medias/9522.png?v=6af4bafb99b63f301f066a99ede5733d",0,0,0,0,8,8,0,"MILITAR_FLATLAND",0,12,0,4,0,295,0,0,0,0,0,5,0
0,"https://storage.eclesiar.com/medias/9523.png?v=f6e70a355fe33141bc0f5971e5aa1fe9",0,0,0,0,10,10,0,"MILITAR_FLATLAND",0,15,0,5,0,296,0,0,0,0,0,5,0
0,"https://storage.eclesiar.com/medias/9524.png?v=411c1d4ef6c9726a69c43d1eb8b9d66b",0,0,0,2,2,0,0,"MILITAR_FLATLAND",0,1,0,1,0,297,0,0,0,0,0,6,0
0,"https://storage.eclesiar.com/medias/9525.png?v=3a22e77c65bb7336b7ca89152b3d599b",0,0,0,4,4,0,0,"MILITAR_FLATLAND",0,2,0,2,0,298,0,0,0,0,0,6,0
0,"https://storage.eclesiar.com/medias/9526.png?v=c63de31d3b3e56d36d942b2814562faa",0,0,0,6,6,0,0,"MILITAR_FLATLAND",0,3,0,3,0,299,0,0,0,0,0,6,0
0,"https://storage.eclesiar.com/medias/9527.png?v=adaad43e108b4f32a45341fa7bb71610",0,0,0,8,8,0,0,"MILITAR_FLATLAND",0,4,0,4,0,300,0,0,0,0,0,6,0
0,"https://storage.eclesiar.com/medias/9528.png?v=21089ee2b7a3537800f23fd38a12b3af",0,0,0,10,10,0,0,"MILITAR_FLATLAND",0,5,0,5,0,301,0,0,0,0,0,6,0
0.5,"https://storage.eclesiar.com/medias/9529.png?v=f4c4ccd3819ee0afa8f1443a039afc78",0,0,0,0,1,0,0,"MILITAR_FLATLAND",0,2,0,1,0,302,0,0,0,0,0,1,0
1,"https://storage.eclesiar.com/medias/9530.png?v=b4aaa884346e9a2ba81f34822a406a7d",0,0,0,0,2,0,0,"MILITAR_FLATLAND",0,4,0,2,0,303,0,0,0,0,0,1,0
1.5,"https://storage.eclesiar.com/medias/9531.png?v=c291f7b43a0132dc50e5c3d3d981a5dc",0,0,0,0,3,0,0,"MILITAR_FLATLAND",0,6,0,3,0,304,0,0,0,0,0,1,0
2,"https://storage.eclesiar.com/medias/9532.png?v=676be7abeb491d2e565a62d45e91329b",0,0,0,0,4,0,0,"MILITAR_FLATLAND",0,8,0,4,0,305,0,0,0,0,0,1,0
2.5,"https://storage.eclesiar.com/medias/9533.png?v=c53a289a0cd57b753126f1e9d9968942",0,0,0,0,5,0,0,"MILITAR_FLATLAND",0,10,0,5,0,306,0,0,0,0,0,1,0
0,"https://storage.eclesiar.com/medias/9534.png?v=8ec319b0fdd893783e568ffc0ba8fcc0",0,0,0,2,1,0,0,"MILITAR_FLATLAND",0,4,0,1,0,307,0,0,0,0,0,2,0
0,"https://storage.eclesiar.com/medias/9535.png?v=462b66a865bf287c10821f5fa786ffe7",0,0,0,4,2,0,0,"MILITAR_FLATLAND",0,8,0,2,0,308,0,0,0,0,0,2,0
0,"https://storage.eclesiar.com/medias/9536.png?v=03536ed7088399c05b6194fe46355616",0,0,0,6,3,0,0,"MILITAR_FLATLAND",0,12,0,3,0,309,0,0,0,0,0,2,0
0,"https://storage.eclesiar.com/medias/9537.png?v=929b17ffb8a09aacf22be034c5c37d3c",0,0,0,8,4,0,0,"MILITAR_FLATLAND",0,16,0,4,0,310,0,0,0,0,0,2,0
0,"https://storage.eclesiar.com/medias/9538.png?v=ae5b31903269f6c1e8058b2272d3f64c",0,0,0,10,5,0,0,"MILITAR_FLATLAND",0,20,0,5,0,311,0,0,0,0,0,2,0
0,"https://storage.eclesiar.com/medias/9539.png?v=47f6930fa7dd47273844244b6e6da2f1",0,0,0,0,2,0,0,"MILITAR_FLATLAND",0,3,0,1,0,312,0,0,0,0,0,3,35
0,"https://storage.eclesiar.com/medias/9540.png?v=b25baa46818372f199fcb11eda76947d",0,0,0,0,4,0,0,"MILITAR_FLATLAND",0,6,0,2,0,313,0,0,0,0,0,3,70
0,"https://storage.eclesiar.com/medias/9541.png?v=aaa6b661b726449a084186a0bc89ddd3",0,0,0,0,6,0,0,"MILITAR_FLATLAND",0,9,0,3,0,314,0,0,0,0,0,3,105
0,"https://storage.eclesiar.com/medias/9542.png?v=ab9b000b732ac56821da256e38152b21",0,0,0,0,8,0,0,"MILITAR_FLATLAND",0,12,0,4,0,315,0,0,0,0,0,3,140
0,"https://storage.eclesiar.com/medias/9543.png?v=767bec5f51f00370d207fab6e10b2491",0,0,0,0,10,0,0,"MILITAR_FLATLAND",0,15,0,5,0,316,0,0,0,0,0,3,175
0,"https://storage.eclesiar.com/medias/9544.png?v=614af138cc68493f18df23f7f143e613",0,0,0,0,0,1,0,"MILITAR_FLATLAND",0,5,0,1,0,317,0,0,0,0,0,4,25
0,"https://storage.eclesiar.com/medias/9545.png?v=daca986c5ac7a083d52af99c5ea5a5fd",0,0,0,0,0,2,0,"MILITAR_FLATLAND",0,10,0,2,0,318,0,0,0,0,0,4,50
0,"https://storage.eclesiar.com/medias/9546.png?v=a4507817b17b73a696516713210d288d",0,0,0,0,0,3,0,"MILITAR_FLATLAND",0,15,0,3,0,319,0,0,0,0,0,4,75
0,"https://storage.eclesiar.com/medias/9547.png?v=c96bf152bf8d1aed0caca96854fb83c6",0,0,0,0,0,4,0,"MILITAR_FLATLAND",0,20,0,4,0,320,0,0,0,0,0,4,100
0,"https://storage.eclesiar.com/medias/9548.png?v=5b8ba1c2b21b635189b464d54fe2a15c",0,0,0,0,0,5,0,"MILITAR_FLATLAND",0,25,0,5,0,321,0,0,0,0,0,4,125
1,"https://storage.eclesiar.com/medias/9549.png?v=9d4b907a694ab40cb0b2e38becdda197",0,0,0,0,0,0,0,"MILITAR_FLATLAND",0,4,0,1,0,322,0,0,0,0,0,5,5
2,"https://storage.eclesiar.com/medias/9550.png?v=09a9a491d4e9749f2fc5f09bf320d296",0,0,0,0,0,0,0,"MILITAR_FLATLAND",0,8,0,2,0,323,0,0,0,0,0,5,10
3,"https://storage.eclesiar.com/medias/9551.png?v=353e755704189a58d7454a6368be2bfe",0,0,0,0,0,0,0,"MILITAR_FLATLAND",0,12,0,3,0,324,0,0,0,0,0,5,15
4,"https://storage.eclesiar.com/medias/9552.png?v=d6b74bb55b91edecaa4e62ba44d17371",0,0,0,0,0,0,0,"MILITAR_FLATLAND",0,16,0,4,0,325,0,0,0,0,0,5,20
5,"https://storage.eclesiar.com/medias/9553.png?v=64f0648d0f892304d7a5f8ad7121813a",0,0,0,0,0,0,0,"MILITAR_FLATLAND",0,20,0,5,0,326,0,0,0,0,0,5,25
0,"https://storage.eclesiar.com/medias/9554.png?v=c2f35730466981498738281947b4a4cf",0,0,0,0,2,3,0,"MILITAR_FLATLAND",0,2,0,1,0,327,0,0,0,0,0,6,0
0,"https://storage.eclesiar.com/medias/9555.png?v=ed77d8c72555e4cfd479f5bceecea6b2",0,0,0,0,4,6,0,"MILITAR_FLATLAND",0,4,0,2,0,328,0,0,0,0,0,6,0
0,"https://storage.eclesiar.com/medias/9556.png?v=ebdb3ede12ceea9d668b71b23ab3ced5",0,0,0,0,6,9,0,"MILITAR_FLATLAND",0,6,0,3,0,329,0,0,0,0,0,6,0
0,"https://storage.eclesiar.com/medias/9557.png?v=96e56a8af4b51e82bd796a03690c5413",0,0,0,0,8,12,0,"MILITAR_FLATLAND",0,8,0,4,0,330,0,0,0,0,0,6,0
0,"https://storage.eclesiar.com/medias/9558.png?v=4a2f9f5755c0d03ace23b5f00e663396",0,0,0,0,10,15,0,"MILITAR_FLATLAND",0,10,0,5,0,331,0,0,0,0,0,6,0
0,"https://storage.eclesiar.com/medias/9559.png?v=6ab55b71cbac03a390bd1c88172b53d4",0,0,0,2,0,0,0,"MILITAR_FLATLAND",0,3,0,1,0,332,0,0,0,0,0,1,10
0,"https://storage.eclesiar.com/medias/9560.png?v=04b044215b3c01c5bf5df5c283f48342",0,0,0,4,0,0,0,"MILITAR_FLATLAND",0,6,0,2,0,333,0,0,0,0,0,1,20
0,"https://storage.eclesiar.com/medias/9561.png?v=4e629da435f46146a3227cf13dad02b3",0,0,0,6,0,0,0,"MILITAR_FLATLAND",0,9,0,3,0,334,0,0,0,0,0,1,30
0,"https://storage.eclesiar.com/medias/9562.png?v=e67b1a5adcd08d748305793824080ea5",0,0,0,8,0,0,0,"MILITAR_FLATLAND",0,12,0,4,0,335,0,0,0,0,0,1,40
0,"https://storage.eclesiar.com/medias/9563.png?v=c4777f0dc7c67c827279d3f0c229443c",0,0,0,10,0,0,0,"MILITAR_FLATLAND",0,15,0,5,0,336,0,0,0,0,0,1,50
3,"https://storage.eclesiar.com/medias/9564.png?v=7271d27b32529a3009f1968a95250a54",0,0,0,0,0,0,0,"MILITAR_FLATLAND",0,5,0,1,0,337,0,0,0,0,0,2,10
6,"https://storage.eclesiar.com/medias/9565.png?v=efbce47a0172ebd886643047e620e296",0,0,0,0,0,0,0,"MILITAR_FLATLAND",0,10,0,2,0,338,0,0,0,0,0,2,20
9,"https://storage.eclesiar.com/medias/9566.png?v=6bdf629d62638ab09b4dcaa04e9a255d",0,0,0,0,0,0,0,"MILITAR_FLATLAND",0,15,0,3,0,339,0,0,0,0,0,2,30
12,"https://storage.eclesiar.com/medias/9567.png?v=dbf7b1cf2eb253ee1be24292f3cc5ead",0,0,0,0,0,0,0,"MILITAR_FLATLAND",0,20,0,4,0,340,0,0,0,0,0,2,40
15,"https://storage.eclesiar.com/medias/9568.png?v=71c3542fb052aed3d179219bebf16ce2",0,0,0,0,0,0,0,"MILITAR_FLATLAND",0,25,0,5,0,341,0,0,0,0,0,2,50
0,"https://storage.eclesiar.com/medias/9569.png?v=0bf27c292fb9a647381b5dd58361cfe8",0,0,0,0,2,5,0,"MILITAR_FLATLAND",0,4,0,1,0,342,0,0,0,0,0,3,0
0,"https://storage.eclesiar.com/medias/9570.png?v=9cc29a51d6f5516d49e9d3462174727e",0,0,0,0,4,10,0,"MILITAR_FLATLAND",0,8,0,2,0,343,0,0,0,0,0,3,0
0,"https://storage.eclesiar.com/medias/9571.png?v=65fed11490f7062fa1bd098241331b51",0,0,0,0,6,15,0,"MILITAR_FLATLAND",0,12,0,3,0,344,0,0,0,0,0,3,0
0,"https://storage.eclesiar.com/medias/9572.png?v=671f5050f5e637435b9cadae51affcc3",0,0,0,0,8,20,0,"MILITAR_FLATLAND",0,16,0,4,0,345,0,0,0,0,0,3,0
0,"https://storage.eclesiar.com/medias/9573.png?v=617aa1f432e62efe37efc00a37519221",0,0,0,0,10,25,0,"MILITAR_FLATLAND",0,20,0,5,0,346,0,0,0,0,0,3,0
0,"https://storage.eclesiar.com/medias/9574.png?v=ff92bf32faf5edb40a391e3542687125",0,0,0,2,0,2,0,"MILITAR_FLATLAND",0,6,0,1,0,347,0,0,0,0,0,4,0
0,"https://storage.eclesiar.com/medias/9575.png?v=dabcc2cb6158604dec020d02a266620f",0,0,0,4,0,4,0,"MILITAR_FLATLAND",0,12,0,2,0,348,0,0,0,0,0,4,0
0,"https://storage.eclesiar.com/medias/9576.png?v=a91d7c047936e5f596991840bb0d309d",0,0,0,6,0,6,0,"MILITAR_FLATLAND",0,18,0,3,0,349,0,0,0,0,0,4,0
0,"https://storage.eclesiar.com/medias/9577.png?v=ca8a53755a428ed7a342dacac94c5582",0,0,0,8,0,8,0,"MILITAR_FLATLAND",0,24,0,4,0,350,0,0,0,0,0,4,0
0,"https://storage.eclesiar.com/medias/9578.png?v=13af3e4aab3d4bc87f47ade35f3d8246",0,0,0,10,0,10,0,"MILITAR_FLATLAND",0,30,0,5,0,351,0,0,0,0,0,4,0
0,"https://storage.eclesiar.com/medias/9579.png?v=a20d3387a16364c933d4a4efef29a726",0,0,0,3,0,2,0,"MILITAR_FLATLAND",0,5,0,1,0,352,0,0,0,0,0,5,0
0,"https://storage.eclesiar.com/medias/9580.png?v=2db83d7b6f4fe59e9787116134be63c9",0,0,0,6,0,4,0,"MILITAR_FLATLAND",0,10,0,2,0,353,0,0,0,0,0,5,0
0,"https://storage.eclesiar.com/medias/9581.png?v=09e3e6696cdc0028d18bc1ab8e9d16b8",0,0,0,9,0,6,0,"MILITAR_FLATLAND",0,15,0,3,0,354,0,0,0,0,0,5,0
0,"https://storage.eclesiar.com/medias/9582.png?v=dfde76b4cca716b8510f52b8e621ddae",0,0,0,12,0,8,0,"MILITAR_FLATLAND",0,20,0,4,0,355,0,0,0,0,0,5,0
0,"https://storage.eclesiar.com/medias/9583.png?v=818f56b295791057ee944093b200623d",0,0,0,15,0,10,0,"MILITAR_FLATLAND",0,25,0,5,0,356,0,0,0,0,0,5,0
2,"https://storage.eclesiar.com/medias/9584.png?v=fc3360cc2d832790f251542e46f53b8f",0,0,0,0,0,0,0,"MILITAR_FLATLAND",0,3,0,1,0,357,0,0,0,0,0,6,5
4,"https://storage.eclesiar.com/medias/9585.png?v=290e98807647f0823e3edd66cfb146d5",0,0,0,0,0,0,0,"MILITAR_FLATLAND",0,6,0,2,0,358,0,0,0,0,0,6,10
6,"https://storage.eclesiar.com/medias/9586.png?v=8a8675c87fe06f72c925f62f42c5de3e",0,0,0,0,0,0,0,"MILITAR_FLATLAND",0,9,0,3,0,359,0,0,0,0,0,6,15
8,"https://storage.eclesiar.com/medias/9587.png?v=6506a1115fbb32a8317e2b0eb0477a56",0,0,0,0,0,0,0,"MILITAR_FLATLAND",0,12,0,4,0,360,0,0,0,0,0,6,20
10,"https://storage.eclesiar.com/medias/9588.png?v=c72fc44b6c617a394e3f49f8650af229",0,0,0,0,0,0,0,"MILITAR_FLATLAND",0,15,0,5,0,361,0,0,0,0,0,6,25
1,"https://storage.eclesiar.com/medias/9589.png?v=7bce42d0781d43b01426d2b6d989efac",0,0,0,0,0,0,0,"MILITAR_MOUNTAINS",0,0,0,1,0,362,0,0,0,1,0,1,3
2,"https://storage.eclesiar.com/medias/9590.png?v=9092a3bf69be41ad6705957bc26bb82a",0,0,0,0,0,0,0,"MILITAR_MOUNTAINS",0,0,0,2,0,363,0,0,0,2,0,1,6
3,"https://storage.eclesiar.com/medias/9591.png?v=48a099eb9ec0020d99ded742d21c7bf1",0,0,0,0,0,0,0,"MILITAR_MOUNTAINS",0,0,0,3,0,364,0,0,0,3,0,1,9
4,"https://storage.eclesiar.com/medias/9592.png?v=f21a543b341e0508c61d1c07dc5e6d5f",0,0,0,0,0,0,0,"MILITAR_MOUNTAINS",0,0,0,4,0,365,0,0,0,4,0,1,12
5,"https://storage.eclesiar.com/medias/9593.png?v=c4fe6d5122749ce1c72732ebaeb764ad",0,0,0,0,0,0,0,"MILITAR_MOUNTAINS",0,0,0,5,0,366,0,0,0,5,0,1,15
0,"https://storage.eclesiar.com/medias/9594.png?v=b97399662b61c07cac65cea1eb988575",0,0,0,1,3,0,0,"MILITAR_MOUNTAINS",0,0,0,1,0,367,0,0,0,3,0,2,0
0,"https://storage.eclesiar.com/medias/9595.png?v=d0628e9bc4c75ddde6865a69c148ad81",0,0,0,2,6,0,0,"MILITAR_MOUNTAINS",0,0,0,2,0,368,0,0,0,6,0,2,0
0,"https://storage.eclesiar.com/medias/9596.png?v=b2d82cb8475466a647f88fb7b83df59b",0,0,0,3,9,0,0,"MILITAR_MOUNTAINS",0,0,0,3,0,369,0,0,0,9,0,2,0
0,"https://storage.eclesiar.com/medias/9597.png?v=dbb973037c23488bf5fa068572bdd0c3",0,0,0,4,12,0,0,"MILITAR_MOUNTAINS",0,0,0,4,0,370,0,0,0,12,0,2,0
0,"https://storage.eclesiar.com/medias/9598.png?v=e1abac6881d4fe3eb7463dcd2f5586b0",0,0,0,5,15,0,0,"MILITAR_MOUNTAINS",0,0,0,5,0,371,0,0,0,15,0,2,0
0,"https://storage.eclesiar.com/medias/9599.png?v=7014c732e1ff35e3e79e531ff8bad93e",0,0,0,0,2,0,0,"MILITAR_MOUNTAINS",0,0,0,1,0,372,0,0,0,2,0,3,40
0,"https://storage.eclesiar.com/medias/9600.png?v=5cad51b1371332b23f4011975240de6d",0,0,0,0,4,0,0,"MILITAR_MOUNTAINS",0,0,0,2,0,373,0,0,0,4,0,3,80
0,"https://storage.eclesiar.com/medias/9601.png?v=d2fe6538bfe0dd3ba42a8a8cff2d3089",0,0,0,0,6,0,0,"MILITAR_MOUNTAINS",0,0,0,3,0,374,0,0,0,6,0,3,120
0,"https://storage.eclesiar.com/medias/9602.png?v=9becde8ed10c801f8efc5458768310d3",0,0,0,0,8,0,0,"MILITAR_MOUNTAINS",0,0,0,4,0,375,0,0,0,8,0,3,160
0,"https://storage.eclesiar.com/medias/9603.png?v=27de6d4b313d97c2cdc122858b3530be",0,0,0,0,10,0,0,"MILITAR_MOUNTAINS",0,0,0,5,0,376,0,0,0,10,0,3,200
0,"https://storage.eclesiar.com/medias/9604.png?v=30ce3322fa86ad10d47ed00cb6ac11f9",0,0,0,0,3,0,0,"MILITAR_MOUNTAINS",0,0,0,1,0,377,0,0,0,4,0,4,20
0,"https://storage.eclesiar.com/medias/9606.png?v=1432f5e1adfa811be9930986b983f22e",0,0,0,0,6,0,0,"MILITAR_MOUNTAINS",0,0,0,2,0,378,0,0,0,8,0,4,40
0,"https://storage.eclesiar.com/medias/9605.png?v=14ddbaea7cfa29d5f9cd08ffc577c88c",0,0,0,0,9,0,0,"MILITAR_MOUNTAINS",0,0,0,3,0,379,0,0,0,12,0,4,60
0,"https://storage.eclesiar.com/medias/9607.png?v=8e43152662645221109f7b7a952199eb",0,0,0,0,12,0,0,"MILITAR_MOUNTAINS",0,0,0,4,0,380,0,0,0,16,0,4,80
0,"https://storage.eclesiar.com/medias/9608.png?v=b8155bb15537958d950fdc22a8e086e4",0,0,0,0,15,0,0,"MILITAR_MOUNTAINS",0,0,0,5,0,381,0,0,0,20,0,4,100
1,"https://storage.eclesiar.com/medias/9609.png?v=6abb7d8b4f5a64ba26612948248f2d6e",0,0,0,0,2,0,0,"MILITAR_MOUNTAINS",0,0,0,1,0,382,0,0,0,3,0,5,0
2,"https://storage.eclesiar.com/medias/9610.png?v=ec15edbe07cd7d0b01d136892c57d999",0,0,0,0,4,0,0,"MILITAR_MOUNTAINS",0,0,0,2,0,383,0,0,0,6,0,5,0
3,"https://storage.eclesiar.com/medias/9612.png?v=7bb01b90ab38309a9302526e2c8177ca",0,0,0,0,6,0,0,"MILITAR_MOUNTAINS",0,0,0,3,0,384,0,0,0,9,0,5,0
4,"https://storage.eclesiar.com/medias/9613.png?v=0dd70f15ed41e93edc5a88acb13d5ead",0,0,0,0,8,0,0,"MILITAR_MOUNTAINS",0,0,0,4,0,385,0,0,0,12,0,5,0
5,"https://storage.eclesiar.com/medias/9614.png?v=fd2cef8d01778054142206f7a74630ce",0,0,0,0,10,0,0,"MILITAR_MOUNTAINS",0,0,0,5,0,386,0,0,0,15,0,5,0
0,"https://storage.eclesiar.com/medias/9615.png?v=3028aa3733a66d2f589eee75f2b62bd8",0,0,0,1,0,2,0,"MILITAR_MOUNTAINS",0,0,0,1,0,387,0,0,0,1,0,6,0
0,"https://storage.eclesiar.com/medias/9616.png?v=6368a47a4cf1c5dbdf0b6847a00b9789",0,0,0,2,0,4,0,"MILITAR_MOUNTAINS",0,0,0,2,0,388,0,0,0,2,0,6,0
0,"https://storage.eclesiar.com/medias/9617.png?v=b45869e4093df947bfd231d251d1ef6d",0,0,0,3,0,6,0,"MILITAR_MOUNTAINS",0,0,0,3,0,389,0,0,0,3,0,6,0
0,"https://storage.eclesiar.com/medias/9618.png?v=056ad84d9e9aa05a752f48e6277b54f5",0,0,0,4,0,8,0,"MILITAR_MOUNTAINS",0,0,0,4,0,390,0,0,0,4,0,6,0
0,"https://storage.eclesiar.com/medias/9619.png?v=ddfae390c345bdaa25245b9b07e7e0d4",0,0,0,5,0,10,0,"MILITAR_MOUNTAINS",0,0,0,5,0,391,0,0,0,5,0,6,0
0,"https://storage.eclesiar.com/medias/9620.png?v=426719245b1857d08d70d5db062f5b71",0,0,0,1,0,0,0,"MILITAR_MOUNTAINS",0,0,0,1,0,392,0,0,0,2,0,1,5
0,"https://storage.eclesiar.com/medias/9621.png?v=fca11134c20e15a016aeb76eefe8f16f",0,0,0,2,0,0,0,"MILITAR_MOUNTAINS",0,0,0,2,0,393,0,0,0,4,0,1,10
0,"https://storage.eclesiar.com/medias/9622.png?v=8e7ed3b187cc3fd4b64f3af2ef46f7ce",0,0,0,3,0,0,0,"MILITAR_MOUNTAINS",0,0,0,3,0,394,0,0,0,6,0,1,15
0,"https://storage.eclesiar.com/medias/9623.png?v=98c1310aa2ff512afd12519bf6d61793",0,0,0,4,0,0,0,"MILITAR_MOUNTAINS",0,0,0,4,0,395,0,0,0,8,0,1,20
0,"https://storage.eclesiar.com/medias/9624.png?v=7fb6b059c1441d75e762c56b941c7ac6",0,0,0,5,0,0,0,"MILITAR_MOUNTAINS",0,0,0,5,0,396,0,0,0,10,0,1,25
1,"https://storage.eclesiar.com/medias/9625.png?v=6624566af7ba6372cdd54fd66b6d2d10",0,0,0,0,0,1,0,"MILITAR_MOUNTAINS",0,0,0,1,0,397,0,0,0,4,0,2,0
2,"https://storage.eclesiar.com/medias/9626.png?v=1493e8b76a4555a2fdb4306e6945ae22",0,0,0,0,0,2,0,"MILITAR_MOUNTAINS",0,0,0,2,0,398,0,0,0,8,0,2,0
3,"https://storage.eclesiar.com/medias/9627.png?v=522bfbb7a575e56ae99c7c5402d9475f",0,0,0,0,0,3,0,"MILITAR_MOUNTAINS",0,0,0,3,0,399,0,0,0,12,0,2,0
4,"https://storage.eclesiar.com/medias/9628.png?v=27de7794533bbfef22a3fb24a94dfbc4",0,0,0,0,0,4,0,"MILITAR_MOUNTAINS",0,0,0,4,0,400,0,0,0,16,0,2,0
5,"https://storage.eclesiar.com/medias/9629.png?v=7e471db304ddc9904e6454ce3f338ed5",0,0,0,0,0,5,0,"MILITAR_MOUNTAINS",0,0,0,5,0,401,0,0,0,20,0,2,0
0,"https://storage.eclesiar.com/medias/9630.png?v=8643a8b01deb519d6493d4145d13d274",0,0,0,0,6,2,0,"MILITAR_MOUNTAINS",0,0,0,1,0,402,0,0,0,3,0,3,0
0,"https://storage.eclesiar.com/medias/9631.png?v=085a3027b23f2c7f5c1fb4c44b5261ae",0,0,0,0,12,4,0,"MILITAR_MOUNTAINS",0,0,0,2,0,403,0,0,0,6,0,3,0
0,"https://storage.eclesiar.com/medias/9632.png?v=cec65ae9928ecfd9e265155a5cf2052d",0,0,0,0,18,6,0,"MILITAR_MOUNTAINS",0,0,0,3,0,404,0,0,0,9,0,3,0
0,"https://storage.eclesiar.com/medias/9633.png?v=fb36078c593e9d01d24d520b4ae7cc4d",0,0,0,0,24,8,0,"MILITAR_MOUNTAINS",0,0,0,4,0,405,0,0,0,12,0,3,0
0,"https://storage.eclesiar.com/medias/9634.png?v=d02548ebb1e0ac37db2c5bcb98472ff0",0,0,0,0,30,10,0,"MILITAR_MOUNTAINS",0,0,0,5,0,406,0,0,0,15,0,3,0
0,"https://storage.eclesiar.com/medias/9635.png?v=9111662a95ac7224c7106b52db7e940f",0,0,0,2,3,0,0,"MILITAR_MOUNTAINS",0,0,0,1,0,407,0,0,0,5,0,4,0
0,"https://storage.eclesiar.com/medias/9636.png?v=903a00e70e9091681f22a8b529c41bce",0,0,0,4,6,0,0,"MILITAR_MOUNTAINS",0,0,0,2,0,408,0,0,0,10,0,4,0
0,"https://storage.eclesiar.com/medias/9637.png?v=15c462b0a1660cd5f0c2186f2a3ff7f0",0,0,0,6,9,0,0,"MILITAR_MOUNTAINS",0,0,0,3,0,409,0,0,0,15,0,4,0
0,"https://storage.eclesiar.com/medias/9638.png?v=e57711e6dd34100a60c7aa039253bdfb",0,0,0,8,12,0,0,"MILITAR_MOUNTAINS",0,0,0,4,0,410,0,0,0,20,0,4,0
0,"https://storage.eclesiar.com/medias/9639.png?v=68f3c29d8ae0125fc5c152dcc11093d9",0,0,0,10,15,0,0,"MILITAR_MOUNTAINS",0,0,0,5,0,411,0,0,0,25,0,4,0
0,"https://storage.eclesiar.com/medias/9640.png?v=488a96130139cd56cb7cd9628a544da2",0,0,0,1,3,0,0,"MILITAR_MOUNTAINS",0,0,0,1,0,412,0,0,0,4,0,5,0
0,"https://storage.eclesiar.com/medias/9641.png?v=d805e1133fecfb1291b2797eeb614d08",0,0,0,2,6,0,0,"MILITAR_MOUNTAINS",0,0,0,2,0,413,0,0,0,8,0,5,0
0,"https://storage.eclesiar.com/medias/9642.png?v=139672fde75747d638f6acb2fb47475f",0,0,0,3,9,0,0,"MILITAR_MOUNTAINS",0,0,0,3,0,414,0,0,0,12,0,5,0
0,"https://storage.eclesiar.com/medias/9643.png?v=01d97ed7f00092fe58b77a6ca83788ad",0,0,0,4,12,0,0,"MILITAR_MOUNTAINS",0,0,0,4,0,415,0,0,0,16,0,5,0
0,"https://storage.eclesiar.com/medias/9644.png?v=0891ea67cded1468555add76d4e29024",0,0,0,5,15,0,0,"MILITAR_MOUNTAINS",0,0,0,5,0,416,0,0,0,20,0,5,0
1,"https://storage.eclesiar.com/medias/9645.png?v=30ed2243e507af25f17cc85e98da144c",0,0,0,0,0,0,0,"MILITAR_MOUNTAINS",0,0,0,1,0,417,0,0,0,2,0,6,15
2,"https://storage.eclesiar.com/medias/9646.png?v=d2144916adc165dca3909614e6c3cd81",0,0,0,0,0,0,0,"MILITAR_MOUNTAINS",0,0,0,2,0,418,0,0,0,4,0,6,30
3,"https://storage.eclesiar.com/medias/9647.png?v=14b49a86bed4199a7c2d47c45ac56ab6",0,0,0,0,0,0,0,"MILITAR_MOUNTAINS",0,0,0,3,0,419,0,0,0,6,0,6,45
4,"https://storage.eclesiar.com/medias/9648.png?v=e84950c27c67efcf8855f875c993fbc0",0,0,0,0,0,0,0,"MILITAR_MOUNTAINS",0,0,0,4,0,420,0,0,0,8,0,6,60
5,"https://storage.eclesiar.com/medias/9649.png?v=e8b97b52a6d1c34260942c0d03c07b7f",0,0,0,0,0,0,0,"MILITAR_MOUNTAINS",0,0,0,5,0,421,0,0,0,10,0,6,75
0,"https://storage.eclesiar.com/medias/9650.png?v=dd97d76ba0a41fe4761d3a51f11a3b4a",0,0,0,2,0,0,0,"MILITAR_MOUNTAINS",0,0,0,1,0,422,0,0,0,3,0,1,10
0,"https://storage.eclesiar.com/medias/9651.png?v=ef7e1e422e0151af23319e271c2cb9d4",0,0,0,4,0,0,0,"MILITAR_MOUNTAINS",0,0,0,2,0,423,0,0,0,6,0,1,20
0,"https://storage.eclesiar.com/medias/9652.png?v=e1d8600b0910e123de2d7510f797cd2e",0,0,0,6,0,0,0,"MILITAR_MOUNTAINS",0,0,0,3,0,424,0,0,0,9,0,1,30
0,"https://storage.eclesiar.com/medias/9653.png?v=a4969424d56d1587e80f73c17680ee6a",0,0,0,8,0,0,0,"MILITAR_MOUNTAINS",0,0,0,4,0,425,0,0,0,12,0,1,40
0,"https://storage.eclesiar.com/medias/9654.png?v=2132e723a8fbb1c15c079c5f8d888aa6",0,0,0,10,0,0,0,"MILITAR_MOUNTAINS",0,0,0,5,0,426,0,0,0,15,0,1,50
1,"https://storage.eclesiar.com/medias/9655.png?v=c63519f0510b4fe0db1b6cdbe84a9d66",0,0,0,0,0,0,0,"MILITAR_MOUNTAINS",0,0,0,1,0,427,0,0,0,5,0,2,25
2,"https://storage.eclesiar.com/medias/9656.png?v=a181cf36852096b11c489e61e990a371",0,0,0,0,0,0,0,"MILITAR_MOUNTAINS",0,0,0,2,0,428,0,0,0,10,0,2,50
3,"https://storage.eclesiar.com/medias/9657.png?v=65a17ecdae83406221c2df407871d79f",0,0,0,0,0,0,0,"MILITAR_MOUNTAINS",0,0,0,3,0,429,0,0,0,15,0,2,75
4,"https://storage.eclesiar.com/medias/9658.png?v=860000b4fedb89a213b40fe58aa5832f",0,0,0,0,0,0,0,"MILITAR_MOUNTAINS",0,0,0,4,0,430,0,0,0,20,0,2,100
5,"https://storage.eclesiar.com/medias/9659.png?v=ac69353f56d71394398b5bf3998784a6",0,0,0,0,0,0,0,"MILITAR_MOUNTAINS",0,0,0,5,0,431,0,0,0,25,0,2,125
2,"https://storage.eclesiar.com/medias/9660.png?v=030e870d1b4578cb1e61b8277a761702",0,0,0,0,0,2,0,"MILITAR_MOUNTAINS",0,0,0,1,0,432,0,0,0,4,0,3,0
4,"https://storage.eclesiar.com/medias/9661.png?v=5717172946965b09110ed96a980dbba7",0,0,0,0,0,4,0,"MILITAR_MOUNTAINS",0,0,0,2,0,433,0,0,0,8,0,3,0
6,"https://storage.eclesiar.com/medias/9662.png?v=23e2b1ebf6f284d071e4b9b5b769e305",0,0,0,0,0,6,0,"MILITAR_MOUNTAINS",0,0,0,3,0,434,0,0,0,12,0,3,0
8,"https://storage.eclesiar.com/medias/9663.png?v=786f2a9e1feef32137c24ff04c7c72ca",0,0,0,0,0,8,0,"MILITAR_MOUNTAINS",0,0,0,4,0,435,0,0,0,16,0,3,0
10,"https://storage.eclesiar.com/medias/9664.png?v=36f40e8c4702ae9c60bb0b2e0b3ed0a4",0,0,0,0,0,10,0,"MILITAR_MOUNTAINS",0,0,0,5,0,436,0,0,0,20,0,3,0
2,"https://storage.eclesiar.com/medias/9665.png?v=6263aaaea535c2f75224bfe9de0f9ce4",0,0,0,0,0,3,0,"MILITAR_MOUNTAINS",0,0,0,1,0,437,0,0,0,6,0,4,0
4,"https://storage.eclesiar.com/medias/9666.png?v=31839df8a08acfc2f388b27613f47eb7",0,0,0,0,0,6,0,"MILITAR_MOUNTAINS",0,0,0,2,0,438,0,0,0,12,0,4,0
6,"https://storage.eclesiar.com/medias/9667.png?v=ba0c998d56d97f22ab10fc068fd657a6",0,0,0,0,0,9,0,"MILITAR_MOUNTAINS",0,0,0,3,0,439,0,0,0,18,0,4,0
8,"https://storage.eclesiar.com/medias/9668.png?v=10a004a4a6adc57fa964a811b72b9dca",0,0,0,0,0,12,0,"MILITAR_MOUNTAINS",0,0,0,4,0,440,0,0,0,24,0,4,0
10,"https://storage.eclesiar.com/medias/9669.png?v=d1433f50783a504686d73a4e69b25a9a",0,0,0,0,0,15,0,"MILITAR_MOUNTAINS",0,0,0,5,0,441,0,0,0,30,0,4,0
0,"https://storage.eclesiar.com/medias/9670.png?v=79f96d46452a7755c5e4714e94517ba3",0,0,0,2,0,0,0,"MILITAR_MOUNTAINS",0,0,0,1,0,442,0,0,0,5,0,5,30
0,"https://storage.eclesiar.com/medias/9671.png?v=7c5816581d01a1645be87881cfbf9d25",0,0,0,4,0,0,0,"MILITAR_MOUNTAINS",0,0,0,2,0,443,0,0,0,10,0,5,60
0,"https://storage.eclesiar.com/medias/9673.png?v=9445e5f4e020dd70e8bc8d81a8bfde8b",0,0,0,6,0,0,0,"MILITAR_MOUNTAINS",0,0,0,3,0,444,0,0,0,15,0,5,90
0,"https://storage.eclesiar.com/medias/9674.png?v=c8fd2ea346169ea54debb0829992dec2",0,0,0,8,0,0,0,"MILITAR_MOUNTAINS",0,0,0,4,0,445,0,0,0,20,0,5,120
0,"https://storage.eclesiar.com/medias/9675.png?v=faa3be0058d652f84033c8938317b600",0,0,0,10,0,0,0,"MILITAR_MOUNTAINS",0,0,0,5,0,446,0,0,0,25,0,5,150
0,"https://storage.eclesiar.com/medias/9676.png?v=d7ac7ffe162cf77846b7635783e63bfd",0,0,0,0,0,3,0,"MILITAR_MOUNTAINS",0,0,0,1,0,447,0,0,0,3,0,6,15
0,"https://storage.eclesiar.com/medias/9677.png?v=965fa220e506a923b74ea28d511fc7f3",0,0,0,0,0,6,0,"MILITAR_MOUNTAINS",0,0,0,2,0,448,0,0,0,6,0,6,30
0,"https://storage.eclesiar.com/medias/9678.png?v=90be4464ca0e12647473700b70208785",0,0,0,0,0,9,0,"MILITAR_MOUNTAINS",0,0,0,3,0,449,0,0,0,9,0,6,45
0,"https://storage.eclesiar.com/medias/9679.png?v=a0ef020c5a955528dfd9e60d11a48c7a",0,0,0,0,0,12,0,"MILITAR_MOUNTAINS",0,0,0,4,0,450,0,0,0,12,0,6,60
0,"https://storage.eclesiar.com/medias/9680.png?v=f0c20276470cbf85c715d26915b7db9b",0,0,0,0,0,15,0,"MILITAR_MOUNTAINS",0,0,0,5,0,451,0,0,0,15,0,6,75
0,"https://storage.eclesiar.com/medias/9681.png?v=0a649d5f4bd1c856b8950fca144db12f",0,0,0,0,2,1,0,"MILITAR_FOREST",0,0,1,1,0,452,0,0,0,0,0,1,0
0,"https://storage.eclesiar.com/medias/9682.png?v=5b6c24d97e86c0ee3c7c57912bf63616",0,0,0,0,4,2,0,"MILITAR_FOREST",0,0,2,2,0,453,0,0,0,0,0,1,0
0,"https://storage.eclesiar.com/medias/9683.png?v=48f4bcdd8edf674f1f7df147abe16883",0,0,0,0,6,3,0,"MILITAR_FOREST",0,0,3,3,0,454,0,0,0,0,0,1,0
0,"https://storage.eclesiar.com/medias/9684.png?v=714a6383bec42f6b245b25c8a003f177",0,0,0,0,8,4,0,"MILITAR_FOREST",0,0,4,4,0,455,0,0,0,0,0,1,0
0,"https://storage.eclesiar.com/medias/9685.png?v=b923317fea095b8fa321b2ebcc7edf06",0,0,0,0,10,5,0,"MILITAR_FOREST",0,0,5,5,0,456,0,0,0,0,0,1,0
1,"https://storage.eclesiar.com/medias/9686.png?v=8ec1f9ee7ce135e8e69eeee1c8d9c56e",0,0,0,0,0,1,0,"MILITAR_FOREST",0,0,3,1,0,457,0,0,0,0,0,2,0
2,"https://storage.eclesiar.com/medias/9687.png?v=ef8e74b2b0bf0ebff1bc9e66d1fbdd8a",0,0,0,0,0,2,0,"MILITAR_FOREST",0,0,6,2,0,458,0,0,0,0,0,2,0
3,"https://storage.eclesiar.com/medias/9688.png?v=b53f17f8efec5fa4a49a6b8eac956da8",0,0,0,0,0,3,0,"MILITAR_FOREST",0,0,9,3,0,459,0,0,0,0,0,2,0
4,"https://storage.eclesiar.com/medias/9689.png?v=30531b2827b45d0194c184fb92803ff5",0,0,0,0,0,4,0,"MILITAR_FOREST",0,0,12,4,0,460,0,0,0,0,0,2,0
5,"https://storage.eclesiar.com/medias/9690.png?v=0cfa92553c3b8b03938a903f62fab892",0,0,0,0,0,5,0,"MILITAR_FOREST",0,0,15,5,0,461,0,0,0,0,0,2,0
1,"https://storage.eclesiar.com/medias/9691.png?v=428d308e30c2da530fce09a22494c447",0,0,0,0,0,2,0,"MILITAR_FOREST",0,0,2,1,0,462,0,0,0,0,0,3,0
2,"https://storage.eclesiar.com/medias/9692.png?v=d88295cbf8dda707d0de5f0e4608cf93",0,0,0,0,0,4,0,"MILITAR_FOREST",0,0,4,2,0,463,0,0,0,0,0,3,0
3,"https://storage.eclesiar.com/medias/9693.png?v=62ff7a38ef9f9bfa59082089cd84b162",0,0,0,0,0,6,0,"MILITAR_FOREST",0,0,6,3,0,464,0,0,0,0,0,3,0
4,"https://storage.eclesiar.com/medias/9694.png?v=2869a414f6460d0d0e4b018d7ffde13c",0,0,0,0,0,8,0,"MILITAR_FOREST",0,0,8,4,0,465,0,0,0,0,0,3,0
5,"https://storage.eclesiar.com/medias/9695.png?v=236f308d789dd12c354552b49f34a25e",0,0,0,0,0,10,0,"MILITAR_FOREST",0,0,10,5,0,466,0,0,0,0,0,3,0
0,"https://storage.eclesiar.com/medias/9696.png?v=ce58fe3c76064edd9fdcfb7be968139b",0,0,0,0,3,2,0,"MILITAR_FOREST",0,0,4,1,0,467,0,0,0,0,0,4,0
0,"https://storage.eclesiar.com/medias/9697.png?v=e5047f7026ababb7f7a973f84759cd0e",0,0,0,0,6,4,0,"MILITAR_FOREST",0,0,8,2,0,468,0,0,0,0,0,4,0
0,"https://storage.eclesiar.com/medias/9698.png?v=716edfba49fa291f03210701023763e6",0,0,0,0,9,6,0,"MILITAR_FOREST",0,0,12,3,0,469,0,0,0,0,0,4,0
0,"https://storage.eclesiar.com/medias/9699.png?v=a7d0fd3a08a924f3d98a66178d5e8222",0,0,0,0,12,8,0,"MILITAR_FOREST",0,0,16,4,0,470,0,0,0,0,0,4,0
0,"https://storage.eclesiar.com/medias/9700.png?v=bbdbc74249562067a657da963f666537",0,0,0,0,15,10,0,"MILITAR_FOREST",0,0,20,5,0,471,0,0,0,0,0,4,0
1,"https://storage.eclesiar.com/medias/9701.png?v=4b795d3d6efb639bbb72a8f7fac41ead",0,0,0,0,0,1,0,"MILITAR_FOREST",0,0,3,1,0,472,0,0,0,0,0,5,0
2,"https://storage.eclesiar.com/medias/9702.png?v=6f15f9c7ffa987d52ea7c5f525219f23",0,0,0,0,0,2,0,"MILITAR_FOREST",0,0,6,2,0,473,0,0,0,0,0,5,0
3,"https://storage.eclesiar.com/medias/9703.png?v=31da8d062ec8b3053853bbdf8f1996c2",0,0,0,0,0,3,0,"MILITAR_FOREST",0,0,9,3,0,474,0,0,0,0,0,5,0
4,"https://storage.eclesiar.com/medias/9704.png?v=9d0b5c564910ee50e7fda013da2bc98d",0,0,0,0,0,4,0,"MILITAR_FOREST",0,0,12,4,0,475,0,0,0,0,0,5,0
5,"https://storage.eclesiar.com/medias/9705.png?v=b651fc2bc68748eae8b7fa91e02fff45",0,0,0,0,0,5,0,"MILITAR_FOREST",0,0,15,5,0,476,0,0,0,0,0,5,0
1,"https://storage.eclesiar.com/medias/9706.png?v=929d5f3328abbda5fd43c147331e77eb",0,0,0,0,2,0,0,"MILITAR_FOREST",0,0,1,1,0,477,0,0,0,0,0,6,0
2,"https://storage.eclesiar.com/medias/9707.png?v=0bb294847a057ff9d5e8af0c88a46d12",0,0,0,0,4,0,0,"MILITAR_FOREST",0,0,2,2,0,478,0,0,0,0,0,6,0
3,"https://storage.eclesiar.com/medias/9708.png?v=fddeaddf925202a8eb9b617917ba2a28",0,0,0,0,6,0,0,"MILITAR_FOREST",0,0,3,3,0,479,0,0,0,0,0,6,0
4,"https://storage.eclesiar.com/medias/9709.png?v=704caaf24c4efe460ac99ca017e64d41",0,0,0,0,8,0,0,"MILITAR_FOREST",0,0,4,4,0,480,0,0,0,0,0,6,0
5,"https://storage.eclesiar.com/medias/9710.png?v=9340156c5815cd225662b6710ae9849f",0,0,0,0,10,0,0,"MILITAR_FOREST",0,0,5,5,0,481,0,0,0,0,0,6,0
0.5,"https://storage.eclesiar.com/medias/9711.png?v=59dbba6d39bbbc34ca82b66854a68818",0,0,0,0,1,0,0,"MILITAR_FOREST",0,0,2,1,0,482,0,0,0,0,0,1,0
1,"https://storage.eclesiar.com/medias/9712.png?v=5975e768deea97496c93318484582f44",0,0,0,0,2,0,0,"MILITAR_FOREST",0,0,4,2,0,483,0,0,0,0,0,1,0
1.5,"https://storage.eclesiar.com/medias/9713.png?v=1e4bacadf7e9877e6b4815e6ead1a367",0,0,0,0,3,0,0,"MILITAR_FOREST",0,0,6,3,0,484,0,0,0,0,0,1,0
2,"https://storage.eclesiar.com/medias/9714.png?v=467e407d3a215d32b0351d4fa83118d4",0,0,0,0,4,0,0,"MILITAR_FOREST",0,0,8,4,0,485,0,0,0,0,0,1,0
2.5,"https://storage.eclesiar.com/medias/9715.png?v=0934985632ba17b2493a35c395212f50",0,0,0,0,5,0,0,"MILITAR_FOREST",0,0,10,5,0,486,0,0,0,0,0,1,0
1,"https://storage.eclesiar.com/medias/9716.png?v=36c975ecf6fa4b57dafeaabb4f08111d",0,0,0,0,0,0,0,"MILITAR_FOREST",0,0,4,1,0,487,0,0,0,0,0,2,10
2,"https://storage.eclesiar.com/medias/9717.png?v=7c2d0eade3bbaf2077b533bc7d77ca35",0,0,0,0,0,0,0,"MILITAR_FOREST",0,0,8,2,0,488,0,0,0,0,0,2,20
3,"https://storage.eclesiar.com/medias/9718.png?v=e84e26d2b5d0864b7c21a97ad72b1e80",0,0,0,0,0,0,0,"MILITAR_FOREST",0,0,12,3,0,489,0,0,0,0,0,2,30
4,"https://storage.eclesiar.com/medias/9719.png?v=a802e257f03ab5d4dc937b96c80578db",0,0,0,0,0,0,0,"MILITAR_FOREST",0,0,16,4,0,490,0,0,0,0,0,2,40
5,"https://storage.eclesiar.com/medias/9720.png?v=bed63fa8a70348fb6c166bbd8b3c1bbd",0,0,0,0,0,0,0,"MILITAR_FOREST",0,0,20,5,0,491,0,0,0,0,0,2,50
0,"https://storage.eclesiar.com/medias/9721.png?v=d45b4cd1928b457d763aabe9fed173ee",0,0,0,0,0,2,0,"MILITAR_FOREST",0,0,3,1,0,492,0,0,0,0,0,3,20
0,"https://storage.eclesiar.com/medias/9722.png?v=4ce8fe0eb3867a0bfbcd9f35761a750f",0,0,0,0,0,4,0,"MILITAR_FOREST",0,0,6,2,0,493,0,0,0,0,0,3,40
0,"https://storage.eclesiar.com/medias/9723.png?v=6256b7e8d353dc7e9c8be248a9106f14",0,0,0,0,0,6,0,"MILITAR_FOREST",0,0,9,3,0,494,0,0,0,0,0,3,60
0,"https://storage.eclesiar.com/medias/9724.png?v=dbefb5770a8e2bbaa30e69e59b764bfe",0,0,0,0,0,8,0,"MILITAR_FOREST",0,0,12,4,0,495,0,0,0,0,0,3,80
0,"https://storage.eclesiar.com/medias/9725.png?v=820fea9be8da6110a6297a98bb6d06b8",0,0,0,0,0,10,0,"MILITAR_FOREST",0,0,15,5,0,496,0,0,0,0,0,3,100
1,"https://storage.eclesiar.com/medias/9726.png?v=23c22072459599bedae13ebbe8e7a46b",0,0,0,0,0,1,0,"MILITAR_FOREST",0,0,5,1,0,497,0,0,0,0,0,4,0
2,"https://storage.eclesiar.com/medias/9727.png?v=19f0cc1ea3ac1bf05d8a7b7dc1c5290a",0,0,0,0,0,2,0,"MILITAR_FOREST",0,0,10,2,0,498,0,0,0,0,0,4,0
3,"https://storage.eclesiar.com/medias/9728.png?v=4495b58bf7d4c0588ee134e3c6d436a1",0,0,0,0,0,3,0,"MILITAR_FOREST",0,0,15,3,0,499,0,0,0,0,0,4,0
4,"https://storage.eclesiar.com/medias/9729.png?v=dfb100dbf1428c91131ccb25d150d006",0,0,0,0,0,4,0,"MILITAR_FOREST",0,0,20,4,0,500,0,0,0,0,0,4,0
5,"https://storage.eclesiar.com/medias/9730.png?v=3c3dcba33709f0f7f9bb26a44cb0122b",0,0,0,0,0,5,0,"MILITAR_FOREST",0,0,25,5,0,501,0,0,0,0,0,4,0
0,"https://storage.eclesiar.com/medias/9731.png?v=4a353a026275ea9e5b91f98bb3eef9b2",0,0,0,1,0,0,0,"MILITAR_FOREST",0,0,4,1,0,502,0,0,0,0,0,5,10
0,"https://storage.eclesiar.com/medias/9732.png?v=262686cb2f4d196234cc98e7281540d8",0,0,0,2,0,0,0,"MILITAR_FOREST",0,0,8,2,0,503,0,0,0,0,0,5,20
0,"https://storage.eclesiar.com/medias/9733.png?v=c28a49636ab7c56a8f6548ca0bb1d6a6",0,0,0,3,0,0,0,"MILITAR_FOREST",0,0,12,3,0,504,0,0,0,0,0,5,30
0,"https://storage.eclesiar.com/medias/9734.png?v=7c087669bbb71acc1d25725e44211854",0,0,0,4,0,0,0,"MILITAR_FOREST",0,0,16,4,0,505,0,0,0,0,0,5,40
0,"https://storage.eclesiar.com/medias/9735.png?v=70242955d77e20a5b0b28d9929d8e759",0,0,0,5,0,0,0,"MILITAR_FOREST",0,0,20,5,0,506,0,0,0,0,0,5,50
0,"https://storage.eclesiar.com/medias/9736.png?v=c3fa1776e577a234e5c064d3c36a5ce1",0,0,0,1,0,0,0,"MILITAR_FOREST",0,0,2,1,0,507,0,0,0,0,0,6,25
0,"https://storage.eclesiar.com/medias/9737.png?v=7f6a274d06133c42e7f8c90efb2e37e1",0,0,0,2,0,0,0,"MILITAR_FOREST",0,0,4,2,0,508,0,0,0,0,0,6,50
0,"https://storage.eclesiar.com/medias/9738.png?v=fff2241f612e80dd90eeb5a9c68a02cb",0,0,0,3,0,0,0,"MILITAR_FOREST",0,0,6,3,0,509,0,0,0,0,0,6,75
0,"https://storage.eclesiar.com/medias/9740.png?v=37b07cc62c73f5a6e0cb10b43306d759",0,0,0,4,0,0,0,"MILITAR_FOREST",0,0,8,4,0,510,0,0,0,0,0,6,100
0,"https://storage.eclesiar.com/medias/9739.png?v=1db50fe04437610c429503a3e5593922",0,0,0,5,0,0,0,"MILITAR_FOREST",0,0,10,5,0,511,0,0,0,0,0,6,125
1,"https://storage.eclesiar.com/medias/9741.png?v=f9bce9e13f26db40150042fbb2baba46",0,0,0,0,0,1,0,"MILITAR_FOREST",0,0,3,1,0,512,0,0,0,0,0,1,0
2,"https://storage.eclesiar.com/medias/9742.png?v=e9d1944cb6a34f96cb465df603f90b83",0,0,0,0,0,2,0,"MILITAR_FOREST",0,0,6,2,0,513,0,0,0,0,0,1,0
3,"https://storage.eclesiar.com/medias/9743.png?v=bb6ecd9d5d463b1856296d1bf4a85c78",0,0,0,0,0,3,0,"MILITAR_FOREST",0,0,9,3,0,514,0,0,0,0,0,1,0
4,"https://storage.eclesiar.com/medias/9744.png?v=125fbe0cf79dccce8d38853587c6c47e",0,0,0,0,0,4,0,"MILITAR_FOREST",0,0,12,4,0,515,0,0,0,0,0,1,0
5,"https://storage.eclesiar.com/medias/9745.png?v=8631b367bbb57d40662041d78c7fb8c6",0,0,0,0,0,5,0,"MILITAR_FOREST",0,0,15,5,0,516,0,0,0,0,0,1,0
0,"https://storage.eclesiar.com/medias/9746.png?v=5c730b9d4619e4c2bf7851e8b970df4a",0,0,0,3,0,1,0,"MILITAR_FOREST",0,0,5,1,0,517,0,0,0,0,0,2,0
0,"https://storage.eclesiar.com/medias/9747.png?v=5c94d265dc247b3eba5a47c311f6de11",0,0,0,6,0,2,0,"MILITAR_FOREST",0,0,10,2,0,518,0,0,0,0,0,2,0
0,"https://storage.eclesiar.com/medias/9748.png?v=422d7e723fdbae619d7f9afcb0ef0f73",0,0,0,9,0,3,0,"MILITAR_FOREST",0,0,15,3,0,519,0,0,0,0,0,2,0
0,"https://storage.eclesiar.com/medias/9749.png?v=274ed4b6f243d8360da86664578df17f",0,0,0,12,0,4,0,"MILITAR_FOREST",0,0,20,4,0,520,0,0,0,0,0,2,0
0,"https://storage.eclesiar.com/medias/9750.png?v=1c13d25b5743b91584d6859544fe9eb9",0,0,0,15,0,5,0,"MILITAR_FOREST",0,0,25,5,0,521,0,0,0,0,0,2,0
3,"https://storage.eclesiar.com/medias/9751.png?v=eddf5209e4c062f37744fba19b62afb0",0,0,0,0,2,0,0,"MILITAR_FOREST",0,0,4,1,0,522,0,0,0,0,0,3,0
6,"https://storage.eclesiar.com/medias/9752.png?v=6821b8ea131e26cdfbb393db69e390b2",0,0,0,0,4,0,0,"MILITAR_FOREST",0,0,8,2,0,523,0,0,0,0,0,3,0
9,"https://storage.eclesiar.com/medias/9753.png?v=43fb367e52c487deb7d2a8427b7027be",0,0,0,0,6,0,0,"MILITAR_FOREST",0,0,12,3,0,524,0,0,0,0,0,3,0
12,"https://storage.eclesiar.com/medias/9754.png?v=cd3221d4a6fbf10eb3a1812c23eec6db",0,0,0,0,8,0,0,"MILITAR_FOREST",0,0,16,4,0,525,0,0,0,0,0,3,0
15,"https://storage.eclesiar.com/medias/9755.png?v=4f76e89ccde8053b4959928e28a84ca5",0,0,0,0,10,0,0,"MILITAR_FOREST",0,0,20,5,0,526,0,0,0,0,0,3,0
0,"https://storage.eclesiar.com/medias/9756.png?v=092bc27d166c42420b384f1cbc95cdcb",0,0,0,2,0,0,0,"MILITAR_FOREST",0,0,6,1,0,527,0,0,0,0,0,4,30
0,"https://storage.eclesiar.com/medias/9757.png?v=95887d51d5e49526a2e9373f46868d9b",0,0,0,4,0,0,0,"MILITAR_FOREST",0,0,12,2,0,528,0,0,0,0,0,4,60
0,"https://storage.eclesiar.com/medias/9758.png?v=3df499e8bf5604088e00adc794a68bab",0,0,0,6,0,0,0,"MILITAR_FOREST",0,0,18,3,0,529,0,0,0,0,0,4,90
0,"https://storage.eclesiar.com/medias/9759.png?v=746c9d5166a981d514add25175c53576",0,0,0,8,0,0,0,"MILITAR_FOREST",0,0,24,4,0,530,0,0,0,0,0,4,120
0,"https://storage.eclesiar.com/medias/9760.png?v=81913fd6285b1e7a20e3366b0d4050a5",0,0,0,10,0,0,0,"MILITAR_FOREST",0,0,30,5,0,531,0,0,0,0,0,4,150
0,"https://storage.eclesiar.com/medias/9761.png?v=19bebf868ce48adcef65db2d08695cea",0,0,0,0,0,2,0,"MILITAR_FOREST",0,0,5,1,0,532,0,0,0,0,0,5,30
0,"https://storage.eclesiar.com/medias/9762.png?v=4002057a5af605a54ffaad5d515a077d",0,0,0,0,0,4,0,"MILITAR_FOREST",0,0,10,2,0,533,0,0,0,0,0,5,60
0,"https://storage.eclesiar.com/medias/9763.png?v=2c6a5deb4cc3518bfe59e2f64a429dc3",0,0,0,0,0,6,0,"MILITAR_FOREST",0,0,15,3,0,534,0,0,0,0,0,5,90
0,"https://storage.eclesiar.com/medias/9764.png?v=981679583409a04e224b23f46d51b8f6",0,0,0,0,0,8,0,"MILITAR_FOREST",0,0,20,4,0,535,0,0,0,0,0,5,120
0,"https://storage.eclesiar.com/medias/9765.png?v=15b6c3c22d7200e48710ba29409441ae",0,0,0,0,0,10,0,"MILITAR_FOREST",0,0,25,5,0,536,0,0,0,0,0,5,150
0,"https://storage.eclesiar.com/medias/9766.png?v=d2e13ac251dd2e8217ebf277b393f24d",0,0,0,2,0,1,0,"MILITAR_FOREST",0,0,3,1,0,537,0,0,0,0,0,6,0
0,"https://storage.eclesiar.com/medias/9767.png?v=e93ad23d722cf8a9a862a0c6b7a54af0",0,0,0,4,0,2,0,"MILITAR_FOREST",0,0,6,2,0,538,0,0,0,0,0,6,0
0,"https://storage.eclesiar.com/medias/9768.png?v=55c4825c7b4c48e887c50436454a8c00",0,0,0,6,0,3,0,"MILITAR_FOREST",0,0,9,3,0,539,0,0,0,0,0,6,0
0,"https://storage.eclesiar.com/medias/9769.png?v=39239a2ece224742d1175c2b640f6817",0,0,0,8,0,4,0,"MILITAR_FOREST",0,0,12,4,0,540,0,0,0,0,0,6,0
0,"https://storage.eclesiar.com/medias/9770.png?v=165e9f81e6ecbfb028c84fde2680a684",0,0,0,10,0,5,0,"MILITAR_FOREST",0,0,15,5,0,541,0,0,0,0,0,6,0
0,"https://storage.eclesiar.com/medias/12630.png?v=1ec35ab733f96141641a4f612da4abe6",0,0,0,0,0,-1,0,"MINING",0,0,0,1,0,542,0,0,1,0,0,1,0
0,"https://storage.eclesiar.com/medias/12631.png?v=d45eaf7b339c64730d6d7ede7b14fdd1",0,0,0,0,0,0,0,"MINING",0,0,0,1,0,543,0,0,0.9,0,0,1,-1
-1,"https://storage.eclesiar.com/medias/12632.png?v=56cd6eeece02cb390a9f49a6138f3432",0,0,0,0,0,0,0,"MINING",0,0,0,1,0,544,0,0,0.8,0,0,1,0
0,"https://storage.eclesiar.com/medias/12633.png?v=f50eceaacb17f5a4f6b001e5d75c8287",0,0,0,0,0,-1,0,"MINING",0,0,0,2,0,545,0,0,3,0,0,1,0
0,"https://storage.eclesiar.com/medias/12634.png?v=f2a1eef87c3613103edff14e794df7fa",0,0,0,0,0,0,0,"MINING",0,0,0,2,0,546,0,0,2,0,0,1,-1
-1,"https://storage.eclesiar.com/medias/12635.png?v=0431c60cda79dea3e13aa9c33e84bf2c",0,0,0,0,0,0,0,"MINING",0,0,0,2,0,547,0,0,1.5,0,0,1,0
0,"https://storage.eclesiar.com/medias/12636.png?v=d88033c5724f8a1b74f60f78f972c958",0,0,0,0,0,-1,0,"MINING",0,0,0,3,0,548,0,0,5,0,0,1,0
0,"https://storage.eclesiar.com/medias/12637.png?v=988a1094357ecb0aa6ea46daa3c74594",0,0,0,0,0,0,0,"MINING",0,0,0,3,0,549,0,0,3,0,0,1,-1
-1,"https://storage.eclesiar.com/medias/12638.png?v=54ec9e2122328f273a9a12fad6681ee8",0,0,0,0,0,0,0,"MINING",0,0,0,3,0,550,0,0,2,0,0,1,0
0,"https://storage.eclesiar.com/medias/12639.png?v=e9cab6f665120d1faf714619e27fb627",0,0,0,0,0,-1,0,"MINING",0,0,0,4,0,551,0,0,8,0,0,1,0
0,"https://storage.eclesiar.com/medias/12640.png?v=dc68438a35eab48cd5a64d3347a1d83c",0,0,0,0,0,0,0,"MINING",0,0,0,4,0,552,0,0,5,0,0,1,-1
-1,"https://storage.eclesiar.com/medias/12641.png?v=c3d2c00e04572679df54341db60b0272",0,0,0,0,0,0,0,"MINING",0,0,0,4,0,553,0,0,4,0,0,1,0
0,"https://storage.eclesiar.com/medias/12642.png?v=2effa23df97662964d8cd2c341cb7d9a",0,0,0,0,0,-1,0,"MINING",0,0,0,5,0,554,0,0,10,0,0,1,0
0,"https://storage.eclesiar.com/medias/12643.png?v=78be4136a3aab5ce98bb840b66362a2c",0,0,0,0,0,0,0,"MINING",0,0,0,5,0,555,0,0,9,0,0,1,-1
-1,"https://storage.eclesiar.com/medias/12644.png?v=e10e0b1355ce0d6340a58aaa28ff5aed",0,0,0,0,0,0,0,"MINING",0,0,0,5,0,556,0,0,7,0,0,1,0
0,"https://storage.eclesiar.com/medias/12645.png?v=b71f16a4724df8e2c1b1353a0dcbecaf",0,0,0,0,0,-1,0,"MINING",0,0,0,1,0,557,0,0,1,0,0,2,0
0,"https://storage.eclesiar.com/medias/12646.png?v=033489bd0073eb450b7db77b857a9e10",0,0,0,0,0,0,0,"MINING",0,0,0,1,0,558,0,0,0.9,0,0,2,-1
-1,"https://storage.eclesiar.com/medias/12647.png?v=38d6c24135d22b9a621926cbf2de883b",0,0,0,0,0,0,0,"MINING",0,0,0,1,0,559,0,0,0.8,0,0,2,0
0,"https://storage.eclesiar.com/medias/12648.png?v=6ce127a86a30e785c18dab69c3323cf6",0,0,0,0,0,-1,0,"MINING",0,0,0,2,0,560,0,0,3,0,0,2,0
0,"https://storage.eclesiar.com/medias/12649.png?v=5a027a6f95fde65a878993ae4ef50dd4",0,0,0,0,0,0,0,"MINING",0,0,0,2,0,561,0,0,2,0,0,2,-1
-1,"https://storage.eclesiar.com/medias/12650.png?v=eae080ce158ee2069233a18cad0e2cb7",0,0,0,0,0,0,0,"MINING",0,0,0,2,0,562,0,0,1.5,0,0,2,0
0,"https://storage.eclesiar.com/medias/12651.png?v=3255d84fecbca4657f48cbb93fedfbc8",0,0,0,0,0,-1,0,"MINING",0,0,0,3,0,563,0,0,5,0,0,2,0
0,"https://storage.eclesiar.com/medias/12652.png?v=f524752e4a4afb7d41feffc12fa068b2",0,0,0,0,0,0,0,"MINING",0,0,0,3,0,564,0,0,3,0,0,2,-1
-1,"https://storage.eclesiar.com/medias/12653.png?v=2846c9c789013b952cabc30fdecd959c",0,0,0,0,0,0,0,"MINING",0,0,0,3,0,565,0,0,2,0,0,2,0
0,"https://storage.eclesiar.com/medias/12654.png?v=03a6bcc783083441f7926a0207b8ac40",0,0,0,0,0,-1,0,"MINING",0,0,0,4,0,566,0,0,8,0,0,2,0
0,"https://storage.eclesiar.com/medias/12655.png?v=39e6908c1b62d302cb2a84a45ea14d02",0,0,0,0,0,0,0,"MINING",0,0,0,4,0,567,0,0,5,0,0,2,-1
-1,"https://storage.eclesiar.com/medias/12656.png?v=3c34423f88748ebc347642d5e0fd3d20",0,0,0,0,0,0,0,"MINING",0,0,0,4,0,568,0,0,4,0,0,2,0
0,"https://storage.eclesiar.com/medias/12657.png?v=7638281d341219a60c57d5385e00f563",0,0,0,0,0,-1,0,"MINING",0,0,0,5,0,569,0,0,10,0,0,2,0
0,"https://storage.eclesiar.com/medias/12658.png?v=327629689979e408809ffec6d6dcb519",0,0,0,0,0,0,0,"MINING",0,0,0,5,0,570,0,0,9,0,0,2,-1
-1,"https://storage.eclesiar.com/medias/12659.png?v=535651b253e6d3102fdec036a93d2708",0,0,0,0,0,0,0,"MINING",0,0,0,5,0,571,0,0,7,0,0,2,0
0,"https://storage.eclesiar.com/medias/12660.png?v=c8bb483811f6c98d8f63144861658b7e",0,0,0,0,0,-1,0,"MINING",0,0,0,1,0,572,0,0,1,0,0,3,0
0,"https://storage.eclesiar.com/medias/12661.png?v=74766085e6ebf1988bd08abbafa51387",0,0,0,0,0,0,0,"MINING",0,0,0,1,0,573,0,0,0.9,0,0,3,-1
-1,"https://storage.eclesiar.com/medias/12662.png?v=7d259e9ffa6a99ba2b8de70e79a8b652",0,0,0,0,0,0,0,"MINING",0,0,0,1,0,574,0,0,0.8,0,0,3,0
0,"https://storage.eclesiar.com/medias/12663.png?v=a332e753acd39be43d12dd9503fdd28a",0,0,0,0,0,-1,0,"MINING",0,0,0,2,0,575,0,0,3,0,0,3,0
0,"https://storage.eclesiar.com/medias/12664.png?v=c62f64d185c8abaa20e5c7c94fe039fb",0,0,0,0,0,0,0,"MINING",0,0,0,2,0,576,0,0,2,0,0,3,-1
-1,"https://storage.eclesiar.com/medias/12665.png?v=602fbe281747b7cb1e581fac8d0e61db",0,0,0,0,0,0,0,"MINING",0,0,0,2,0,577,0,0,1.5,0,0,3,0
0,"https://storage.eclesiar.com/medias/12666.png?v=d823259a9c7a372c01d4eb3f75f984be",0,0,0,0,0,-1,0,"MINING",0,0,0,3,0,578,0,0,5,0,0,3,0
0,"https://storage.eclesiar.com/medias/12667.png?v=8be70dd05eed1302e46d12fa3ae94f2f",0,0,0,0,0,0,0,"MINING",0,0,0,3,0,579,0,0,3,0,0,3,-1
-1,"https://storage.eclesiar.com/medias/12668.png?v=f7d635f2a996a895b8dba5bceb135dd7",0,0,0,0,0,0,0,"MINING",0,0,0,3,0,580,0,0,2,0,0,3,0
0,"https://storage.eclesiar.com/medias/12669.png?v=ddaa126a040817eba3097df0d147a53d",0,0,0,0,0,-1,0,"MINING",0,0,0,4,0,581,0,0,8,0,0,3,0
0,"https://storage.eclesiar.com/medias/12670.png?v=88af4286740502cf9c1ee6d7d76fb290",0,0,0,0,0,0,0,"MINING",0,0,0,4,0,582,0,0,5,0,0,3,-1
-1,"https://storage.eclesiar.com/medias/12671.png?v=94bc0ecb05a2415094a46ee98637158c",0,0,0,0,0,0,0,"MINING",0,0,0,4,0,583,0,0,4,0,0,3,0
0,"https://storage.eclesiar.com/medias/12672.png?v=1d10f6650da19b39d0d028091f982293",0,0,0,0,0,-1,0,"MINING",0,0,0,5,0,584,0,0,10,0,0,3,0
0,"https://storage.eclesiar.com/medias/12673.png?v=a83275894b38a46f1ee9641bc7b1abb8",0,0,0,0,0,0,0,"MINING",0,0,0,5,0,585,0,0,9,0,0,3,-1
-1,"https://storage.eclesiar.com/medias/12674.png?v=8f425fdedaafeed4e4be13798f28dcd1",0,0,0,0,0,0,0,"MINING",0,0,0,5,0,586,0,0,7,0,0,3,0
0,"https://storage.eclesiar.com/medias/12675.png?v=b3658355c411122e887bec839b6c5b38",0,0,0,0,0,-1,0,"MINING",0,0,0,1,0,587,0,0,1,0,0,4,0
0,"https://storage.eclesiar.com/medias/12676.png?v=51c0c126d5064f627e7ec29aeee48b18",0,0,0,0,0,0,0,"MINING",0,0,0,1,0,588,0,0,0.9,0,0,4,-1
-1,"https://storage.eclesiar.com/medias/12677.png?v=8e84d1b3f80c3b50a6426650dad9c921",0,0,0,0,0,0,0,"MINING",0,0,0,1,0,589,0,0,0.8,0,0,4,0
0,"https://storage.eclesiar.com/medias/12678.png?v=d583fc33f95b6cd1cac37d586b0a5419",0,0,0,0,0,-1,0,"MINING",0,0,0,2,0,590,0,0,3,0,0,4,0
0,"https://storage.eclesiar.com/medias/12679.png?v=5931164c887ca92eea0c3db645b73f7b",0,0,0,0,0,0,0,"MINING",0,0,0,2,0,591,0,0,2,0,0,4,-1
-1,"https://storage.eclesiar.com/medias/12680.png?v=ec92b6aed70ae4a54403bd598e7305ee",0,0,0,0,0,0,0,"MINING",0,0,0,2,0,592,0,0,1.5,0,0,4,0
0,"https://storage.eclesiar.com/medias/12681.png?v=1af32a4c4b8f8c8c05ea0fc98500f353",0,0,0,0,0,-1,0,"MINING",0,0,0,3,0,593,0,0,5,0,0,4,0
0,"https://storage.eclesiar.com/medias/12682.png?v=787936abee7aba6d887f5bc73844241e",0,0,0,0,0,0,0,"MINING",0,0,0,3,0,594,0,0,3,0,0,4,-1
-1,"https://storage.eclesiar.com/medias/12683.png?v=1ebce5244ea73256effaa0e6eedc06f0",0,0,0,0,0,0,0,"MINING",0,0,0,3,0,595,0,0,2,0,0,4,0
0,"https://storage.eclesiar.com/medias/12684.png?v=f0dbaf1f0191ca0221daed344d36bdd7",0,0,0,0,0,-1,0,"MINING",0,0,0,4,0,596,0,0,8,0,0,4,0
0,"https://storage.eclesiar.com/medias/12685.png?v=5cc96f9eddb2353bba317e6141222b8c",0,0,0,0,0,0,0,"MINING",0,0,0,4,0,597,0,0,5,0,0,4,-1
-1,"https://storage.eclesiar.com/medias/12686.png?v=55fc7f620a20574ed54a74545f462841",0,0,0,0,0,0,0,"MINING",0,0,0,4,0,598,0,0,4,0,0,4,0
0,"https://storage.eclesiar.com/medias/12687.png?v=a8963857a24bd8cf3c1b68a6bb06b93b",0,0,0,0,0,-1,0,"MINING",0,0,0,5,0,599,0,0,10,0,0,4,0
0,"https://storage.eclesiar.com/medias/12688.png?v=c3a9236ee49d61ff0e4da2a6d800246e",0,0,0,0,0,0,0,"MINING",0,0,0,5,0,600,0,0,9,0,0,4,-1
-1,"https://storage.eclesiar.com/medias/12689.png?v=520f78288becf7461c3bcd3082246988",0,0,0,0,0,0,0,"MINING",0,0,0,5,0,601,0,0,7,0,0,4,0
0,"https://storage.eclesiar.com/medias/12690.png?v=91e5959ba818bbf943ff4324e7dd15f1",0,0,0,0,0,-1,0,"MINING",0,0,0,1,0,602,0,0,1,0,0,5,0
0,"https://storage.eclesiar.com/medias/12691.png?v=fa86087d0506a8dd0ba6b06252caa2f2",0,0,0,0,0,0,0,"MINING",0,0,0,1,0,603,0,0,0.9,0,0,5,-1
-1,"https://storage.eclesiar.com/medias/12692.png?v=f9861f05f2f37db68a6352a80381ca57",0,0,0,0,0,0,0,"MINING",0,0,0,1,0,604,0,0,0.8,0,0,5,0
0,"https://storage.eclesiar.com/medias/12693.png?v=d298856d089aed5fa0106945b77662df",0,0,0,0,0,-1,0,"MINING",0,0,0,2,0,605,0,0,3,0,0,5,0
0,"https://storage.eclesiar.com/medias/12694.png?v=bf46575ea6936f94f3189bee821796d8",0,0,0,0,0,0,0,"MINING",0,0,0,2,0,606,0,0,2,0,0,5,-1
-1,"https://storage.eclesiar.com/medias/12695.png?v=b818ea255cd185a2964d40d11a2043a8",0,0,0,0,0,0,0,"MINING",0,0,0,2,0,607,0,0,1.5,0,0,5,0
0,"https://storage.eclesiar.com/medias/12696.png?v=7403f201a47354cc8e018aeeabeb4d2b",0,0,0,0,0,-1,0,"MINING",0,0,0,3,0,608,0,0,5,0,0,5,0
0,"https://storage.eclesiar.com/medias/12697.png?v=26ab01c8156ac4e125e1522b164d6069",0,0,0,0,0,0,0,"MINING",0,0,0,3,0,609,0,0,3,0,0,5,-1
-1,"https://storage.eclesiar.com/medias/12698.png?v=2966f05785ae5e0b73af097a21e48823",0,0,0,0,0,0,0,"MINING",0,0,0,3,0,610,0,0,2,0,0,5,0
0,"https://storage.eclesiar.com/medias/12699.png?v=afe55bed0e313eb01476a1e975ee5b50",0,0,0,0,0,-1,0,"MINING",0,0,0,4,0,611,0,0,8,0,0,5,0
0,"https://storage.eclesiar.com/medias/12700.png?v=66c8db032b7b2b73c15c51dd4330207d",0,0,0,0,0,0,0,"MINING",0,0,0,4,0,612,0,0,5,0,0,5,-1
-1,"https://storage.eclesiar.com/medias/12701.png?v=46195e884762618ae34845279387c096",0,0,0,0,0,0,0,"MINING",0,0,0,4,0,613,0,0,4,0,0,5,0
0,"https://storage.eclesiar.com/medias/12702.png?v=7c049a5dc98a411f3742e646dd812e66",0,0,0,0,0,-1,0,"MINING",0,0,0,5,0,614,0,0,10,0,0,5,0
0,"https://storage.eclesiar.com/medias/12703.png?v=f9356d17b04927872cce972333998625",0,0,0,0,0,0,0,"MINING",0,0,0,5,0,615,0,0,9,0,0,5,-1
-1,"https://storage.eclesiar.com/medias/12704.png?v=b4554fe638250c4408070aa11332e1d0",0,0,0,0,0,0,0,"MINING",0,0,0,5,0,616,0,0,7,0,0,5,0
0,"https://storage.eclesiar.com/medias/12705.png?v=8058eda4933592e895bbc8bbb4ecef9e",0,0,0,0,0,-1,0,"MINING",0,0,0,1,0,617,0,0,1,0,0,6,0
0,"https://storage.eclesiar.com/medias/12706.png?v=4f54aa4d8f2ae0bb2b0d3d811750ed51",0,0,0,0,0,0,0,"MINING",0,0,0,1,0,618,0,0,0.9,0,0,6,-1
-1,"https://storage.eclesiar.com/medias/12707.png?v=8f1619e25ba38d6eb6865aa144629506",0,0,0,0,0,0,0,"MINING",0,0,0,1,0,619,0,0,0.8,0,0,6,0
0,"https://storage.eclesiar.com/medias/12708.png?v=70dcec4b8f775f766ffd88ee48ed8a00",0,0,0,0,0,-1,0,"MINING",0,0,0,2,0,620,0,0,3,0,0,6,0
0,"https://storage.eclesiar.com/medias/12709.png?v=c2bddb146183585139f7c9c7d115b42d",0,0,0,0,0,0,0,"MINING",0,0,0,2,0,621,0,0,2,0,0,6,-1
-1,"https://storage.eclesiar.com/medias/12710.png?v=437756aa22212e57b844a79897a79b1b",0,0,0,0,0,0,0,"MINING",0,0,0,2,0,622,0,0,1.5,0,0,6,0
0,"https://storage.eclesiar.com/medias/12711.png?v=ac09730da965c6e4a700eaa6a666840b",0,0,0,0,0,-1,0,"MINING",0,0,0,3,0,623,0,0,5,0,0,6,0
0,"https://storage.eclesiar.com/medias/12712.png?v=cea1bbe6ab81cdd27704a5e0b81f77d0",0,0,0,0,0,0,0,"MINING",0,0,0,3,0,624,0,0,3,0,0,6,-1
-1,"https://storage.eclesiar.com/medias/12713.png?v=c7daf9736e30f6c16b8839ecd3a624f3",0,0,0,0,0,0,0,"MINING",0,0,0,3,0,625,0,0,2,0,0,6,0
0,"https://storage.eclesiar.com/medias/12714.png?v=bd6bfe1e0925685252ea16e9aeb53ac7",0,0,0,0,0,-1,0,"MINING",0,0,0,4,0,626,0,0,8,0,0,6,0
0,"https://storage.eclesiar.com/medias/12715.png?v=9f14dd1b43f2202d8c1536d940112482",0,0,0,0,0,0,0,"MINING",0,0,0,4,0,627,0,0,5,0,0,6,-1
-1,"https://storage.eclesiar.com/medias/12716.png?v=98a90962cee58b6a6f3af94d5acf2e5e",0,0,0,0,0,0,0,"MINING",0,0,0,4,0,628,0,0,4,0,0,6,0
0,"https://storage.eclesiar.com/medias/12717.png?v=8c92ffb8201ad4d05e43dc5f450b81bd",0,0,0,0,0,-1,0,"MINING",0,0,0,5,0,629,0,0,10,0,0,6,0
0,"https://storage.eclesiar.com/medias/12718.png?v=2f7113121f6521365674529f5b246f4f",0,0,0,0,0,0,0,"MINING",0,0,0,5,0,630,0,0,9,0,0,6,-1
-1,"https://storage.eclesiar.com/medias/12719.png?v=a0614938862352fec41aa3c1ced97b03",0,0,0,0,0,0,0,"MINING",0,0,0,5,0,631,0,0,7,0,0,6,0
0,"https://storage.eclesiar.com/medias/slot1_placeholder.png",0,0,0,0,3,2,0,"MILITAR",0,0,0,6,0,637,0,0,0,0,0,1,0
0,"https://storage.eclesiar.com/medias/slot2_placeholder.png",0,0,0,0,3,0,0,"MILITAR",0,0,0,6,0,638,0,0,0,0,0,2,40
0,"https://storage.eclesiar.com/medias/slot3_placeholder.png",0,0,0,0,0,6,0,"MILITAR",0,0,0,6,0,639,0,0,0,0,0,3,150
0,"https://storage.eclesiar.com/medias/slot4_placeholder.png",0,0,0,28,0,0,0,"MILITAR",0,0,0,6,0,640,0,0,0,0,0,4,-80
5,"https://storage.eclesiar.com/medias/slot6_placeholder.png",0,0,0,0,0,10,0,"MILITAR",0,0,0,6,0,641,0,0,0,0,0,6,0
0,"https://storage.eclesiar.com/medias/builder_slot5_placeholder.png",0,0,0.6,0,0,0,0,"CONSTRUCTION",0,0,0,6,0,642,0,1.2,0,0,0,5,0
0,"https://storage.eclesiar.com/medias/builder_slot2_placeholder.png",0,2,0,0,0,0,0,"CONSTRUCTION",0,0,0,6,1.2,643,0,0,0,0,0,2,0
0,"https://storage.eclesiar.com/medias/builder_slot3_placeholder.png",0,0,0,0,0,0,0,"CONSTRUCTION",0,0,0,6,3.6,644,0,3.6,0,0,0,3,0
0,"https://storage.eclesiar.com/medias/builder_slot4_placeholder.png",0,0,0,0,0,0,0,"CONSTRUCTION",0.12,0,0,6,0,645,4.8,0,0,0,0,4,0
0,"https://storage.eclesiar.com/medias/builder_slot1_placeholder.png",0,0,3,0,0,0,0,"CONSTRUCTION",0,0,0,6,6,646,0,0,0,0,0,1,0
